path,status,kind,size_bytes,sha256,owner,last_verified_at,authority
docs/NatureProtector-V1-overview.md,HISTORICAL,markdown,35875,f6b0e15dc4cdf9486594a9114003f29dacd520174cc63d0a4cf7b1b746f64145,Miguel Alves,2026-06-28,supporting
docs/README.md,CURRENT,markdown,1273,0e426126bb8b2d7a66953adc17ca2356d7fcdf241d9e1510cc13b27750c72b44,Miguel Alves,2026-06-28,supporting
docs/architecture/README.md,CURRENT,markdown,2621,6dfae6013dfc796ecb62366056a93c2f3aef4350bf1108ad6d7f567315a89fc3,Miguel Alves,2026-06-28,supporting
docs/architecture/architecture.md,CURRENT,markdown,73358,c11a30d69a352fd6d65121d6b2fdfec0595dd27b6ed17af3281f862c11ff1cba,Miguel Alves,2026-06-28,supporting
docs/architecture/current-capabilities-and-how-to-run.md,CURRENT,markdown,21732,9ec1ae222fe1d556808eb0ad7c384c27caea0add1014d66bc92f73e466d6f47c,Miguel Alves,2026-06-28,supporting
docs/architecture/diagrams/00-legacy-current-repo-architecture.drawio.xml,CURRENT,xml,22547,8ffd391cbb295af0f2737381abf8fcaec66d0b23386aafc6d0452f3a2e7bf5c1,Miguel Alves,2026-06-28,supporting
docs/architecture/diagrams/01-platform-context.drawio,CURRENT,model-source,9688,a0bbbcc9ed3f65ef7069a8e3413adf5406ad29552082274bb711efa55c53fc5a,Miguel Alves,2026-06-28,supporting
docs/architecture/diagrams/02-prevention-subsystem-landscape.drawio,CURRENT,model-source,11988,fcd0f037839462d2067f6b93ab69bd83dd11e89979c5d186dd4961ff7b2bda42,Miguel Alves,2026-06-28,supporting
docs/architecture/diagrams/03-end-to-end-data-chain.drawio,CURRENT,model-source,13586,c3aa118801aded1f4834cd8b4750cc2a6c81c184ed7b6b0d11804a61be80313e,Miguel Alves,2026-06-28,supporting
docs/architecture/diagrams/04-data-curation-and-provenance.drawio,CURRENT,model-source,10712,f1adbf5a557656b83a6e1972cc87b66cf9c47a185ff7899d56dd055eec20c261,Miguel Alves,2026-06-28,supporting
docs/architecture/diagrams/05-territorial-and-weather-context.drawio,CURRENT,model-source,8743,0c4518def0ae095ec3df4746227b271a6e64cada0f0079911c2d79ef7f6d0606,Miguel Alves,2026-06-28,supporting
docs/architecture/diagrams/06-scenario-construction.drawio,CURRENT,model-source,8237,95e504fd5ea191c6ba87c4272a6c93aa99f7535b9143ff31c8622d5501106d3e,Miguel Alves,2026-06-28,supporting
docs/architecture/diagrams/07-simulator-layered-architecture.drawio,CURRENT,model-source,8914,54f26a5e0969918a34172e8c2f4ebef6593e87b8b418df82dee2eec3d811c324,Miguel Alves,2026-06-28,supporting
docs/architecture/diagrams/08-simulation-sequence-happy-path.drawio,CURRENT,model-source,5605,f9bb4620a31de782d94fc4b08c2a86e4eefe751e82061dc5f1698591738de630,Miguel Alves,2026-06-28,supporting
docs/architecture/diagrams/09-operational-pipeline-overview.drawio,CURRENT,model-source,14523,02240dfe44aad0a8f485267584fc30919966b4a5e299be6a8fd9decae9b4c78b,Miguel Alves,2026-06-28,supporting
docs/architecture/diagrams/10-pipeline-retry-and-quarantine-sequence.drawio,CURRENT,model-source,8159,8da4151897d68d0aaaf42aea164699498df95c0fc5ccf05052036a2eb11d8a5c,Miguel Alves,2026-06-28,supporting
docs/architecture/diagrams/11-persistence-views.drawio,CURRENT,model-source,8663,b8bf32053e1c1b58923ca5cf13fd197d38e22e3fd4c6c330865915ac672f0c49,Miguel Alves,2026-06-28,supporting
docs/architecture/diagrams/12-runtime-deployment-local-baseline.drawio,CURRENT,model-source,14039,127154e943b030f318172233467e40f919ee133b78d787ef78a40488c78d5cc5,Miguel Alves,2026-06-28,supporting
docs/architecture/diagrams/13-code-mapping-prevention-slice.drawio,CURRENT,model-source,12273,a76aa7b25763c254688ffb4a63ea75505d061f9affc10da022b2c5a7727803fa,Miguel Alves,2026-06-28,supporting
docs/architecture/diagrams/14-domain-model-simplified.drawio,CURRENT,model-source,7210,b2adbf5ce9aada66d5bc9dd00822a32fa85ad7c491a495262aeb883d3235cf7c,Miguel Alves,2026-06-28,supporting
docs/architecture/diagrams/15-domain-model-detailed.drawio,CURRENT,model-source,78230,c09658ac8b92c338df1422c7c9cfb63179b9708a7e62c1933a1143685c96aa9b,Miguel Alves,2026-06-28,supporting
docs/architecture/diagrams/16-v1-runtime-chain.drawio,HISTORICAL,model-source,10817,6137355bda2e69efb5ce2c56335191a606a3aa3fc22b3b9b408896d681570272,Miguel Alves,2026-06-28,supporting
docs/architecture/diagrams/17-scenario-run-orchestrator.drawio,CURRENT,model-source,8251,5f6616b074dc7cfcbaca41da5687d4f6fba46a0f302cba7341b4c73f50c0b2c9,Miguel Alves,2026-06-28,supporting
docs/architecture/diagrams/current/README.md,CURRENT,markdown,1961,793504f9286b8e1573c32a5a96837f6de0e692cf4d1e06ef10fe6a54289dc4e1,Miguel Alves,2026-06-28,supporting
docs/architecture/diagrams/current/contact-sheet.png,CURRENT,visual,241890,e8481162d2493e09e0f0e54e3bc61b13691320c5fbe219e5d2766a2ac2d77ab0,Miguel Alves,2026-06-28,supporting
docs/architecture/diagrams/current/diagram-register.csv,GENERATED,structured,1548,25fb6e2b860407f0f45749976cf9ea07b3baa58803260f65cacc53e87e64e539,Miguel Alves,2026-06-28,supporting
docs/architecture/diagrams/current/render/claims-evidence-maturity-16x9.png,CURRENT,visual,89446,f73eb62d05210c90a143b7bf2ca274b8762053c5ae04cf914f1676ebf18d51f7,Miguel Alves,2026-06-28,supporting
docs/architecture/diagrams/current/render/claims-evidence-maturity-16x9.svg,CURRENT,visual,7227,ae04beaf5daeba327ad1717af5c61dfb68995191a451146e5200b149d9823a42,Miguel Alves,2026-06-28,supporting
docs/architecture/diagrams/current/render/claims-evidence-maturity-a4.png,CURRENT,visual,104776,c9301aebde8bd3885e91ff4443b42527873cc02b6a516b344fffa5d25c6f6a6f,Miguel Alves,2026-06-28,supporting
docs/architecture/diagrams/current/render/claims-evidence-maturity-a4.svg,CURRENT,visual,6571,eaf450fdf1b4200f2722c885488886e8d027aa9419fdfdd6fd8590e5e7f4e08c,Miguel Alves,2026-06-28,supporting
docs/architecture/diagrams/current/render/claims-evidence-maturity.png,CURRENT,visual,111964,d243be7b002a9a2800bb51595a4c862e47b113ab23a974c836c2b0964d72e41c,Miguel Alves,2026-06-28,supporting
docs/architecture/diagrams/current/render/claims-evidence-maturity.svg,CURRENT,visual,6560,26a681c592d6cf4e64f74fb72d014fd88e3d82bc0d0de26f38a6bb05d0c83d92,Miguel Alves,2026-06-28,supporting
docs/architecture/diagrams/current/render/container-architecture-16x9.png,CURRENT,visual,120794,85a3cd82f13074eb44cbc5a21deb7a9c1f4771c403491b59903e2f88c90f7f26,Miguel Alves,2026-06-28,supporting
docs/architecture/diagrams/current/render/container-architecture-16x9.svg,CURRENT,visual,12523,2492ab0d4df44b9e625acbd6a089a41ea687e81f7a26d0d609da76b8cf116cdc,Miguel Alves,2026-06-28,supporting
docs/architecture/diagrams/current/render/container-architecture-a4.png,CURRENT,visual,90994,0e7d2c77cf79885593f5e68639a577e86f1df825033ce247210ef52fd721ccc5,Miguel Alves,2026-06-28,supporting
docs/architecture/diagrams/current/render/container-architecture-a4.svg,CURRENT,visual,11997,56997af051a17cd5bcfe426944555341aaea32d63e65d1e860ee6bfe43aa944c,Miguel Alves,2026-06-28,supporting
docs/architecture/diagrams/current/render/container-architecture.png,CURRENT,visual,142079,d377610be2872318d08ec89392823d3888af77452bfd1e8e6e9c50bf3ffc94e9,Miguel Alves,2026-06-28,supporting
docs/architecture/diagrams/current/render/container-architecture.svg,CURRENT,visual,11455,37472ebcbd7bfc4bc76b6b0e2c6f870d2640ad7a5de5ec38070d80b69fc85160,Miguel Alves,2026-06-28,supporting
docs/architecture/diagrams/current/render/data-provenance-authority-16x9.png,CURRENT,visual,49052,27711bc04d81d27c9cdca8f08d4f649728dcf609666988652dad725b4a19a415,Miguel Alves,2026-06-28,supporting
docs/architecture/diagrams/current/render/data-provenance-authority-16x9.svg,CURRENT,visual,9909,e3f438cf63d47b6e226c72bf019e75ae1494e88cb39ea0f8b4fb7f75f497ce2f,Miguel Alves,2026-06-28,supporting
docs/architecture/diagrams/current/render/data-provenance-authority-a4.png,CURRENT,visual,147259,6806a21731e1e3ebd905de60f122c8a5940197df49c68477d95c3aa9d9d965fe,Miguel Alves,2026-06-28,supporting
docs/architecture/diagrams/current/render/data-provenance-authority-a4.svg,CURRENT,visual,9180,8a2279499441be24422e756a6db0aece4ad94befec3fb3952b5d6e7d81390bf2,Miguel Alves,2026-06-28,supporting
docs/architecture/diagrams/current/render/data-provenance-authority.png,CURRENT,visual,121189,9dbeea7ddc9a86080e9ac0197c180b2b0fea0dddf8dfeaf372c98896a8435bf2,Miguel Alves,2026-06-28,supporting
docs/architecture/diagrams/current/render/data-provenance-authority.svg,CURRENT,visual,9010,699e324e9a7ef5b90df4e6a77cf75f07d560296c2240c5a515c597ce4148ebbe,Miguel Alves,2026-06-28,supporting
docs/architecture/diagrams/current/render/deployment-and-promotion-16x9.png,CURRENT,visual,49502,21093cac1b82890c6802cfe6af45c88e54cae978efc5614af5f94d8ccfdd57f4,Miguel Alves,2026-06-28,supporting
docs/architecture/diagrams/current/render/deployment-and-promotion-16x9.svg,CURRENT,visual,8653,246a9a235bde762c6ec0f6e4231f8c14cee158a37c13f50552462016ea30a07e,Miguel Alves,2026-06-28,supporting
docs/architecture/diagrams/current/render/deployment-and-promotion-a4.png,CURRENT,visual,154752,66d6e1a5221bbd5c3cc851d47e5d187473e6d12e38a493a2ab4ae73ed8ed9513,Miguel Alves,2026-06-28,supporting
docs/architecture/diagrams/current/render/deployment-and-promotion-a4.svg,CURRENT,visual,8075,71e87d3fef40fabfd0032bcd6c16d60c09062dc48b74e85f69608a005b90f93a,Miguel Alves,2026-06-28,supporting
docs/architecture/diagrams/current/render/deployment-and-promotion.png,CURRENT,visual,125000,b8fdc2f4973174a8848f925ca532d43f0bd3758b233bdb4b3f11b7bef821859b,Miguel Alves,2026-06-28,supporting
docs/architecture/diagrams/current/render/deployment-and-promotion.svg,CURRENT,visual,7750,639f7ffe84bb1cbe854db2ae3fbc78bedb25448230c3600362235a68c4755c2f,Miguel Alves,2026-06-28,supporting
docs/architecture/diagrams/current/render/operations-lifecycle-16x9.png,CURRENT,visual,55912,f5ff2619e6c35d9e783bd079f8b5a393eb63e6b8fcdf7d1f7a73336006d6fdae,Miguel Alves,2026-06-28,supporting
docs/architecture/diagrams/current/render/operations-lifecycle-16x9.svg,CURRENT,visual,11994,c2d3fcd1dd84df458439cd5adef3d91609cae086a6617587129b75bef556e554,Miguel Alves,2026-06-28,supporting
docs/architecture/diagrams/current/render/operations-lifecycle-a4.png,CURRENT,visual,140375,d4383e3af1233289dd5d4be25985d5bb439e165ceaa90fd897e8f466f7a2352c,Miguel Alves,2026-06-28,supporting
docs/architecture/diagrams/current/render/operations-lifecycle-a4.svg,CURRENT,visual,11000,37bc21c243327790cf52fe01df3341d483ff4b5a570825805b34fcae08898b88,Miguel Alves,2026-06-28,supporting
docs/architecture/diagrams/current/render/operations-lifecycle.png,CURRENT,visual,156402,2a87a4d3018376f925b9f24e83faf6da84919c42e8361c3c73c0b3571b10d235,Miguel Alves,2026-06-28,supporting
docs/architecture/diagrams/current/render/operations-lifecycle.svg,CURRENT,visual,10794,459b834946c346ac0078f7a2088c17fa4eca3279039a48cf97b924a0cb1ad768,Miguel Alves,2026-06-28,supporting
docs/architecture/diagrams/current/render/quality-evidence-flow-16x9.png,CURRENT,visual,94388,511bbcc803fb6b8814e1d9e3c85e57071e872e5b7abd9d683fd1e32f6ab160cf,Miguel Alves,2026-06-28,supporting
docs/architecture/diagrams/current/render/quality-evidence-flow-16x9.svg,CURRENT,visual,9042,53c45a51d81743b3b696635f2a3268cfed26c50d6256a4cdf399a26a6d943764,Miguel Alves,2026-06-28,supporting
docs/architecture/diagrams/current/render/quality-evidence-flow-a4.png,CURRENT,visual,133256,4c0b0428cd97096970adfee66ce90d547cf0789c7d320735140f272abcb6051f,Miguel Alves,2026-06-28,supporting
docs/architecture/diagrams/current/render/quality-evidence-flow-a4.svg,CURRENT,visual,8517,88240b71a18675b165cbe68c9ac25bd70d359c206ce918edb5ab16dd7cf09e19,Miguel Alves,2026-06-28,supporting
docs/architecture/diagrams/current/render/quality-evidence-flow.png,CURRENT,visual,141805,30f95feebecd065c10e8e3e03a1ffff1a2f5399e800fe721bfb8a45bebf465eb,Miguel Alves,2026-06-28,supporting
docs/architecture/diagrams/current/render/quality-evidence-flow.svg,CURRENT,visual,8510,9bda38922c98a841f4070aa3e70ce5879d2c58f7d36ecbd0797fb2a432c56bd9,Miguel Alves,2026-06-28,supporting
docs/architecture/diagrams/current/render/roles-ui-journeys-16x9.png,CURRENT,visual,118102,f246cfb011029a0c7b79817abf8b097a078f828a4c7ef1abe6f6c6f95c78776f,Miguel Alves,2026-06-28,supporting
docs/architecture/diagrams/current/render/roles-ui-journeys-16x9.svg,CURRENT,visual,13165,0dd49765001a0df9b48d9f84cd58390f95745baec0582eb74b43f22cd2ccbd84,Miguel Alves,2026-06-28,supporting
docs/architecture/diagrams/current/render/roles-ui-journeys-a4.png,CURRENT,visual,61669,3bf30cd420fa2be730b7098044c06fbbd88d58aeca83070ce4fa8e047827357d,Miguel Alves,2026-06-28,supporting
docs/architecture/diagrams/current/render/roles-ui-journeys-a4.svg,CURRENT,visual,11701,0c5ab20b31ed28b88e78d3f8a1513b921b462ead68aaa18bee10dd982ab45511,Miguel Alves,2026-06-28,supporting
docs/architecture/diagrams/current/render/roles-ui-journeys.png,CURRENT,visual,139747,be912db0a978772863da38f09aa8ac455c03783196c3dd4ca19b5ea3ec8d2b71,Miguel Alves,2026-06-28,supporting
docs/architecture/diagrams/current/render/roles-ui-journeys.svg,CURRENT,visual,11908,05831dd3bf87fb70e4fb526ff85bbb35165ef0feb2132d65f88a3b8ebe1529a7,Miguel Alves,2026-06-28,supporting
docs/architecture/diagrams/current/render/runtime-risk-pipeline-16x9.png,CURRENT,visual,36016,8d3f2644f1f17d2d0958a217eae27f061290914a394acbee81a56273d7d2a87e,Miguel Alves,2026-06-28,supporting
docs/architecture/diagrams/current/render/runtime-risk-pipeline-16x9.svg,CURRENT,visual,11635,bbe7224068a0c942c57584c8d91eaa7f5762b9d32c7c4ab50b6b6b1e811d4bdb,Miguel Alves,2026-06-28,supporting
docs/architecture/diagrams/current/render/runtime-risk-pipeline-a4.png,CURRENT,visual,157802,8bbef0091c89fd715468fb4c3650e81a75a92b24650e9cfda7a2626895eb46a3,Miguel Alves,2026-06-28,supporting
docs/architecture/diagrams/current/render/runtime-risk-pipeline-a4.svg,CURRENT,visual,10477,61225e89d9acb09b0d27d903b268d05774c5b4a10a32dbecfc12b77fa1bc4d1d,Miguel Alves,2026-06-28,supporting
docs/architecture/diagrams/current/render/runtime-risk-pipeline.png,CURRENT,visual,152596,66e03e0ee2ef01cb27c748dac52606b96781095439fe0d4b1c4e25bed4c69a2a,Miguel Alves,2026-06-28,supporting
docs/architecture/diagrams/current/render/runtime-risk-pipeline.svg,CURRENT,visual,10709,39a38aaecb21a8e31720c64ed558d5bde46fae40fb167ffac96b6e2c9f476f05,Miguel Alves,2026-06-28,supporting
docs/architecture/diagrams/current/render/security-trust-boundaries-16x9.png,CURRENT,visual,85753,19dc8e63f01f4ba1a346a24e3fd8759e5d2d01ba5a8f713df2a013a44543869d,Miguel Alves,2026-06-28,supporting
docs/architecture/diagrams/current/render/security-trust-boundaries-16x9.svg,CURRENT,visual,9666,b3fb39031aa480c0b3bfee549b0af05f4fc38b580ea6bfb5457e0590f3273fd9,Miguel Alves,2026-06-28,supporting
docs/architecture/diagrams/current/render/security-trust-boundaries-a4.png,CURRENT,visual,122750,088026a69fb380770c5ce71e2596f18b7fce9bc5faa4d7e78feaeb466d077b74,Miguel Alves,2026-06-28,supporting
docs/architecture/diagrams/current/render/security-trust-boundaries-a4.svg,CURRENT,visual,8864,ef9a37bb360999baf9a3a8f8342b30256773fd5fa265b12a22a1f2bb53a75cf1,Miguel Alves,2026-06-28,supporting
docs/architecture/diagrams/current/render/security-trust-boundaries.png,CURRENT,visual,121626,a95273de13391f5e46f3330f6ecad53e76b321729f698a47aa924f8fa8058717,Miguel Alves,2026-06-28,supporting
docs/architecture/diagrams/current/render/security-trust-boundaries.svg,CURRENT,visual,8779,7c041d550f3552de5fc302f0d847773ebc9902b6886b20f1b4b9c90d81d99a31,Miguel Alves,2026-06-28,supporting
docs/architecture/diagrams/current/render/system-context-16x9.png,CURRENT,visual,77730,30a2586f8dd8394a77cfb7eda38571429d389c1bf183ee1a1ea5b432f5579f6b,Miguel Alves,2026-06-28,supporting
docs/architecture/diagrams/current/render/system-context-16x9.svg,CURRENT,visual,8252,1627ef246eea67bc1bd1a3302165bfb2e6a3a5e13f74d7d0474bbe42b0bffb4d,Miguel Alves,2026-06-28,supporting
docs/architecture/diagrams/current/render/system-context-a4.png,CURRENT,visual,98659,af32f8c584b8bb6dc58696ae3a0dff664744ad255088dd9db453f5a822332447,Miguel Alves,2026-06-28,supporting
docs/architecture/diagrams/current/render/system-context-a4.svg,CURRENT,visual,7323,8b75a45dc6600b11d45b5daef9b69227cb91f66d15b25f0e0bc99619b66d974b,Miguel Alves,2026-06-28,supporting
docs/architecture/diagrams/current/render/system-context.png,CURRENT,visual,138190,ec8f18c2ab1a58a6f21fac29d1bb2425db72a6aefddf9a6a5f0193487c5fda45,Miguel Alves,2026-06-28,supporting
docs/architecture/diagrams/current/render/system-context.svg,CURRENT,visual,7237,ae86d7b85dee4198f20b0d08ea71f8d46e6c32ed7fefeb0a63c49edd322a7af2,Miguel Alves,2026-06-28,supporting
docs/architecture/diagrams/current/sidecars/claims-evidence-maturity.json,GENERATED,structured,1079,c2b9e1e63722d503045beb820fd53dde81f367d024c0dcbd77a4d367e17e95f2,Miguel Alves,2026-06-28,supporting
docs/architecture/diagrams/current/sidecars/container-architecture.json,GENERATED,structured,1077,5f1f851a4f7f9432095855cdf5521fcf0339bd3d5eff9bc31708515d85dbee4e,Miguel Alves,2026-06-28,supporting
docs/architecture/diagrams/current/sidecars/data-provenance-authority.json,GENERATED,structured,1095,e70db6c1364e72c9912b43ad31b42845f06b9806a38efd2ed79d645ff8aa9064,Miguel Alves,2026-06-28,supporting
docs/architecture/diagrams/current/sidecars/deployment-and-promotion.json,GENERATED,structured,1124,c0ba57863cc1dfc974af27eae423be2e5adf643073baac534b45c8ec35cbc394,Miguel Alves,2026-06-28,supporting
docs/architecture/diagrams/current/sidecars/operations-lifecycle.json,GENERATED,structured,1078,6b506259f4243c9a0aaa3bbf1303fb763e8e3ab5850d105bddfcdaa182177cf3,Miguel Alves,2026-06-28,supporting
docs/architecture/diagrams/current/sidecars/quality-evidence-flow.json,GENERATED,structured,1079,a7ec48384450abc4236389462b4ee7b7dcd532d1cb1a1342f8260fb67d0853d5,Miguel Alves,2026-06-28,supporting
docs/architecture/diagrams/current/sidecars/roles-ui-journeys.json,GENERATED,structured,1048,efe498f35249df1c266f41b3b54d2feb532392604e377c90afb7e13dc34a8b4c,Miguel Alves,2026-06-28,supporting
docs/architecture/diagrams/current/sidecars/runtime-risk-pipeline.json,GENERATED,structured,1085,bd490f59954aeb5ec816bc82e246b810de2da24ad12acd3088b7efe52b38ba95,Miguel Alves,2026-06-28,supporting
docs/architecture/diagrams/current/sidecars/security-trust-boundaries.json,GENERATED,structured,1062,fb68c8a18dd547032f8cf6bc3c006cd712662575f529acd7eabeaf376541f873,Miguel Alves,2026-06-28,supporting
docs/architecture/diagrams/current/sidecars/system-context.json,GENERATED,structured,1021,fd380526f46bd4eff493005d975c4ec0d270213fd1a5329b0b644368ac50ae6a,Miguel Alves,2026-06-28,supporting
docs/architecture/diagrams/current/src/claims-evidence-maturity-16x9.dot,CURRENT,model-source,1042,600acb9a60c0ab442a3fe571b7b6005310f0bb2efc14a543d8ce1116eda5e396,Miguel Alves,2026-06-28,supporting
docs/architecture/diagrams/current/src/claims-evidence-maturity-a4.dot,CURRENT,model-source,1044,7fc2fdd62a355e56be9dd5796fd11caca611d99b92f16041a7510f82abcb8780,Miguel Alves,2026-06-28,supporting
docs/architecture/diagrams/current/src/claims-evidence-maturity.dot,CURRENT,model-source,1003,77c82b41c2dd6529a2839d3a1110256c80c93af4f8cd9d52b08734234be9dc42,Miguel Alves,2026-06-28,supporting
docs/architecture/diagrams/current/src/container-architecture-16x9.dot,CURRENT,model-source,1636,200e77045eade21cf32311f8da12c413f7fbbc1d57ac8b78458ec30f0f5aad04,Miguel Alves,2026-06-28,supporting
docs/architecture/diagrams/current/src/container-architecture-a4.dot,CURRENT,model-source,1638,89f16c36e826416aa37421581a2446ef53b03b72771f4b83a327c61b8b460f98,Miguel Alves,2026-06-28,supporting
docs/architecture/diagrams/current/src/container-architecture.dot,CURRENT,model-source,1597,f0778a172648ed23d03828ec379e6ab6cb2a163b2e353b58247c754b00aeadec,Miguel Alves,2026-06-28,supporting
docs/architecture/diagrams/current/src/data-provenance-authority-16x9.dot,CURRENT,model-source,1292,0009b887d93f0b9eee2f122a9c5128ba854939964acd12e1f0d99d243019fba0,Miguel Alves,2026-06-28,supporting
docs/architecture/diagrams/current/src/data-provenance-authority-a4.dot,CURRENT,model-source,1294,738d4f302da2fd148f09efbdf26384a2bc8a7f700513db74bc4fd9d9e9b4665b,Miguel Alves,2026-06-28,supporting
docs/architecture/diagrams/current/src/data-provenance-authority.dot,CURRENT,model-source,1253,f67415df8ef671b233dc124d379f4ccfe3a4a428f9598d947408c896c6ffcead,Miguel Alves,2026-06-28,supporting
docs/architecture/diagrams/current/src/deployment-and-promotion-16x9.dot,CURRENT,model-source,1161,d241e046808a2340dfaf63696ef2ecf9c0b273a52a75771e4ca825e5adc25956,Miguel Alves,2026-06-28,supporting
docs/architecture/diagrams/current/src/deployment-and-promotion-a4.dot,CURRENT,model-source,1163,98a2bab0182e88b0bfc1aa61349bef17ee2de9570068028f92a1d25dd25ac89c,Miguel Alves,2026-06-28,supporting
docs/architecture/diagrams/current/src/deployment-and-promotion.dot,CURRENT,model-source,1122,36565ba1e9c7dad016408a18a7007971549080c033b63e84c870ef40f15de97a,Miguel Alves,2026-06-28,supporting
docs/architecture/diagrams/current/src/operations-lifecycle-16x9.dot,CURRENT,model-source,1376,8feb4c132d4c7fbf34b1a80f4106dec90277b0d5f9bd731a593db5a4171f7dfc,Miguel Alves,2026-06-28,supporting
docs/architecture/diagrams/current/src/operations-lifecycle-a4.dot,CURRENT,model-source,1378,8c90636468e4de9832c619c00ef33f8ff20a0908136c2f0302367557ed62f1c0,Miguel Alves,2026-06-28,supporting
docs/architecture/diagrams/current/src/operations-lifecycle.dot,CURRENT,model-source,1337,6f720bd1e18b2ea19939e153126ac99c7ab349c1ae5ee49820f6887831f7fbbc,Miguel Alves,2026-06-28,supporting
docs/architecture/diagrams/current/src/quality-evidence-flow-16x9.dot,CURRENT,model-source,1286,b2cab3659d3aa983be082032ab0260416e3cc48b4cc1ea322f3834081aa48b83,Miguel Alves,2026-06-28,supporting
docs/architecture/diagrams/current/src/quality-evidence-flow-a4.dot,CURRENT,model-source,1288,0daeefb084b9b806eb389c6b1c2f370f34b5af20d8da4ef7d12946518c4a7932,Miguel Alves,2026-06-28,supporting
docs/architecture/diagrams/current/src/quality-evidence-flow.dot,CURRENT,model-source,1247,0044229b4ad454aad59e5fe9cb89041c3c81f5d1389992b7ac20d7baf399c5d0,Miguel Alves,2026-06-28,supporting
docs/architecture/diagrams/current/src/roles-ui-journeys-16x9.dot,CURRENT,model-source,1393,bd633699f34b6a57008ec8299cfac4d0f130bcdfe6c5cb776f13524a221db779,Miguel Alves,2026-06-28,supporting
docs/architecture/diagrams/current/src/roles-ui-journeys-a4.dot,CURRENT,model-source,1395,78d533dd0f597fe315cc427deef73fddad5fe7997bc343d0aab80e12d135163a,Miguel Alves,2026-06-28,supporting
docs/architecture/diagrams/current/src/roles-ui-journeys.dot,CURRENT,model-source,1354,a048d0c95612a7f87d11cccc46d8da767d2fe7df5cdd44e7814488f7490c3fd1,Miguel Alves,2026-06-28,supporting
docs/architecture/diagrams/current/src/runtime-risk-pipeline-16x9.dot,CURRENT,model-source,1313,9db34fcf1eb52a7a9fef7c8c9f9b80bc1f5acf2556fc42e297d8396e1ec864c0,Miguel Alves,2026-06-28,supporting
docs/architecture/diagrams/current/src/runtime-risk-pipeline-a4.dot,CURRENT,model-source,1315,05c22be965447f3e12e4a0d6584c6391afb3c99b7d97914111b6f2d2a4e8eac1,Miguel Alves,2026-06-28,supporting
docs/architecture/diagrams/current/src/runtime-risk-pipeline.dot,CURRENT,model-source,1274,d2dfde7a8ddbf4121376ac37a884320848c1a50d126fadf78005480a34a1308b,Miguel Alves,2026-06-28,supporting
docs/architecture/diagrams/current/src/security-trust-boundaries-16x9.dot,CURRENT,model-source,1378,bebf264eabf6bd93aaa6319b8e51a758faddb7550ffb4e94c6aa1270791f7385,Miguel Alves,2026-06-28,supporting
docs/architecture/diagrams/current/src/security-trust-boundaries-a4.dot,CURRENT,model-source,1380,16ac18ec3451850994563008fea6719f3a5454351525e425e5c83c09cb098f44,Miguel Alves,2026-06-28,supporting
docs/architecture/diagrams/current/src/security-trust-boundaries.dot,CURRENT,model-source,1339,c4ed33999eef13e76a7dd7769f283093a92e9ebe60962866213ef0877bb3fd9d,Miguel Alves,2026-06-28,supporting
docs/architecture/diagrams/current/src/system-context-16x9.dot,CURRENT,model-source,1394,bc99535ecf9dd57a12465b8f7f2f276d9924d6795671d44bbd8cdea8974e05f2,Miguel Alves,2026-06-28,supporting
docs/architecture/diagrams/current/src/system-context-a4.dot,CURRENT,model-source,1396,058c6e853d93794f92e5b18e3ac13fec38413596d4f39e4a9a86c54cde9ec8e8,Miguel Alves,2026-06-28,supporting
docs/architecture/diagrams/current/src/system-context.dot,CURRENT,model-source,1355,db256202113c0cf7efa290841f228b6febbb1b1a4678e7c0a08546f12f09e6ac,Miguel Alves,2026-06-28,supporting
docs/architecture/diagrams/implementation-api-read-paths.drawio,CURRENT,model-source,10245,733966c169f1dd8f52b01351e0f4ec79427c8387b347cee352e4c894f35e5762,Miguel Alves,2026-06-28,supporting
docs/architecture/diagrams/implementation-bootstrap-control-plane.drawio,CURRENT,model-source,12817,57bfee049ab92b36e58137b5f0991b022a9650d109c1e2fa9b0dec0b0d7ab376,Miguel Alves,2026-06-28,supporting
docs/architecture/diagrams/implementation-configuration-and-selection.drawio,CURRENT,model-source,12593,cccdbb60ecfba80963ed6a2ecd38aca02a19c7d7e214ff51b84ed70e48e19bdb,Miguel Alves,2026-06-28,supporting
docs/architecture/diagrams/implementation-data-and-scripts-flow.drawio,CURRENT,model-source,12025,de7a00ac422a28ba5476b28ae7f667679bd7c38a4cc9be759d3f1baed4c045df,Miguel Alves,2026-06-28,supporting
docs/architecture/diagrams/implementation-persistence-map.drawio,CURRENT,model-source,11455,e3cd8cda681b3a669c3ee36aaa9811e4152da370dc5809651d95fd71be65583f,Miguel Alves,2026-06-28,supporting
docs/architecture/diagrams/implementation-prevention-nominal-flow.drawio,CURRENT,model-source,11413,c3e795ccc1f7838947db8eb848fb5ca4100cdeca56ba29b1b0711632c2f511c3,Miguel Alves,2026-06-28,supporting
docs/architecture/diagrams/implementation-rejection-retry-quarantine.drawio,CURRENT,model-source,14202,c2e347d28421d3aef0c1a4eb474e9a36e69d571435c3502df43cad612fc58855,Miguel Alves,2026-06-28,supporting
docs/architecture/diagrams/implementation-repository-map.drawio,CURRENT,model-source,9875,6d818d033d3c25da3a79ffb6a015478e2772285ef7af9886a61b5485d1d51fcb,Miguel Alves,2026-06-28,supporting
docs/architecture/diagrams/implementation-scenarios-and-manifests.drawio,CURRENT,model-source,12227,431ba3a63ea3a3ea31c2ffb822dd05695ddbee7e46b86b2c384070c69d669921,Miguel Alves,2026-06-28,supporting
docs/architecture/diagrams/implementation-simulator-nominal-flow.drawio,CURRENT,model-source,12596,a1b4cb5ca445f1a8ccde6acc7258e98b6a13b5f11338f46cbcbb714d33987193,Miguel Alves,2026-06-28,supporting
docs/architecture/diagrams/implementation-tests-map.drawio,CURRENT,model-source,8778,210cea01004e78b67b0a3e2b50a5b0f5ed72619a8a440f3ff12fad4a82218964,Miguel Alves,2026-06-28,supporting
docs/architecture/diagrams/presentation/P01-project-one-picture.drawio,CURRENT,model-source,4398,881dbebd6e5021859e93a2f201cbcc8de62da85bf0dcf03f86ed08f243bc9954,Miguel Alves,2026-06-28,supporting
docs/architecture/diagrams/presentation/P02-runtime-flow-simple.drawio,CURRENT,model-source,4381,f0ebd5600043ef886076e58eab29a9c568b29ca748f3785b7d6ceb1365a8c01a,Miguel Alves,2026-06-28,supporting
docs/architecture/diagrams/presentation/P03-risk-pipeline-simple.drawio,CURRENT,model-source,5000,0ad2fb2500454e2a6c5987ce7d30a071590bc2e80be3a9c82e0212ca44524fd1,Miguel Alves,2026-06-28,supporting
docs/architecture/diagrams/presentation/P04-alerts-and-api-simple.drawio,CURRENT,model-source,3741,0ebd82164b8d9986864f0e77dd3d3e2df02c13cc134b4f074b576a3fc4d9bd11,Miguel Alves,2026-06-28,supporting
docs/architecture/diagrams/presentation/P05-run-orchestrator-simple.drawio,CURRENT,model-source,3785,0b0761f687a6e58d3c0e1bbfeac6d5d544b6f60f53f047b59903149e21076929,Miguel Alves,2026-06-28,supporting
docs/architecture/diagrams/presentation/P06-Arquitetura3Blocos.drawio,CURRENT,model-source,4346,4c9b67a659778b03d171a7c4b645b95e6fcdc727d564376384d421f439ecd640,Miguel Alves,2026-06-28,supporting
docs/architecture/diagrams/presentation/P07-DecisaoDeRisco.drawio,CURRENT,model-source,5292,1db94e84a2f9d6806d39b56a7b9446b7ce0a20dd8c1ed413a5f5942e87749a2f,Miguel Alves,2026-06-28,supporting
docs/architecture/diagrams/presentation/P08-RunReprodutivel.drawio,CURRENT,model-source,4902,deb195196df60df7165b32d7f459b65a9fb9bfb265a209d1219368fedc8de7c7,Miguel Alves,2026-06-28,supporting
docs/architecture/grafana-influx-dashboard-guide.md,CURRENT,markdown,20518,922903eaa20c273fc980fd712b3a13f4ce76ccef94e6a4c85e89034db37611aa,Miguel Alves,2026-06-28,supporting
docs/architecture/images/01-platform-context.png,CURRENT,visual,95539,09452c7654ee1142d057b976e76aef12bf37ffa30b5eac7b2269599c404a3d6f,Miguel Alves,2026-06-28,supporting
docs/architecture/images/02-prevention-subsystem-landscape.png,CURRENT,visual,183109,8fcc62b968a4b4d94e256fe45c6faa700f7b03a12cc31e52b3110a0405ecbc09,Miguel Alves,2026-06-28,supporting
docs/architecture/images/03-end-to-end-data-chain.png,CURRENT,visual,158717,44703c4cf9dd48de09fa7107d8bbad0a83d2b51216188c2b5140c5df3be8c0e3,Miguel Alves,2026-06-28,supporting
docs/architecture/images/04-data-curation-and-provenance.png,CURRENT,visual,82352,d46f235d83ebdefb7576c85e106fd5a59555d2a4ae041f4be83ae7b70f11b8cc,Miguel Alves,2026-06-28,supporting
docs/architecture/images/05-territorial-and-weather-context.png,CURRENT,visual,64381,c9ad1168cf497af813bd0b2290224a6c993b964d7a1cd713f92996e5cd480db8,Miguel Alves,2026-06-28,supporting
docs/architecture/images/06-scenario-construction.png,CURRENT,visual,75971,7e16afc3c49b3ac316c5e7b1852dfd622b70c794df96e222fbef3df32565d664,Miguel Alves,2026-06-28,supporting
docs/architecture/images/07-simulator-layered-architecture.png,CURRENT,visual,135504,32c5d01bbfa6e362ee2908d0eec415bc184bce2fd319cc3c20fbbfd9622d31c5,Miguel Alves,2026-06-28,supporting
docs/architecture/images/08-simulation-sequence-happy-path.png,CURRENT,visual,32106,e8a422e6dfc820c31b0237ec9abe611097fd5f720ad538881afb6d38b2e3424f,Miguel Alves,2026-06-28,supporting
docs/architecture/images/09-operational-pipeline-overview.png,CURRENT,visual,148997,bf6d1f046db3bbef5b35cf5c7acb292cf0e79d3f557c410ae7ebcbc3203c8204,Miguel Alves,2026-06-28,supporting
docs/architecture/images/10-pipeline-retry-and-quarantine-sequence.png,CURRENT,visual,87644,ed8ead5934e2d4156dc433b3fb485b3d9ec6cf7bb07a4f7c2196e47eb34ad192,Miguel Alves,2026-06-28,supporting
docs/architecture/images/11-persistence-views.png,CURRENT,visual,154215,b76dc5ad47202966f7feba55f27d9ef3e737b35216ffc3ae969d5e76d5045383,Miguel Alves,2026-06-28,supporting
docs/architecture/images/12-runtime-deployment-local-baseline.png,CURRENT,visual,152328,97bfdd8c36f9e709a502e89532f5280e3c5d2cc7536ceefc67d345b3405cd5d5,Miguel Alves,2026-06-28,supporting
docs/architecture/images/13-code-mapping-prevention-slice.png,CURRENT,visual,120186,b11ef89aa95b377208695893015536ddbd219cbe7f30f37e4128ca18c748489a,Miguel Alves,2026-06-28,supporting
docs/architecture/images/14-domain-model-simplified.png,CURRENT,visual,59990,0e8b18d2138ff13f2af4a1bae890fd3dc6eb422f987003162da29d7e4c0488a1,Miguel Alves,2026-06-28,supporting
docs/architecture/images/15-domain-model-detailed.png,CURRENT,visual,452346,ab356ae39f5cecd6f14d1bcf4978c37712e9df3b77b16d61f3daed83a4f5c759,Miguel Alves,2026-06-28,supporting
docs/architecture/images/16-v1-runtime-chain.png,HISTORICAL,visual,63071,d614d13fee291bd123c0a4798e477849c4c2180c3323177acc9e07a6c10442cb,Miguel Alves,2026-06-28,supporting
docs/architecture/images/17-scenario-run-orchestrator.png,CURRENT,visual,50961,e5ab328816c839c3d793e6b7b9149265ec5d7a5898e7038e4f496ad3ccd94c9b,Miguel Alves,2026-06-28,supporting
docs/architecture/images/implementation/implementation-api-read-paths.png,CURRENT,visual,153102,eec88af0463a317db7c66d26f28f1aed517dec2fe804546be88cdb3d3e31e0c2,Miguel Alves,2026-06-28,supporting
docs/architecture/images/implementation/implementation-bootstrap-control-plane.png,CURRENT,visual,180174,b8c7433924ad96bc9e3e4a229caa48d1ed6cf02dcdb138f7fd7eee93acf3fca2,Miguel Alves,2026-06-28,supporting
docs/architecture/images/implementation/implementation-configuration-and-selection.png,CURRENT,visual,198353,756e96bfb359d7c2fa2f2df39aa237d8f4ced5b1f8a0dce1f273ff2e869e1386,Miguel Alves,2026-06-28,supporting
docs/architecture/images/implementation/implementation-data-and-scripts-flow.png,CURRENT,visual,162695,6015628a8262834817a531abc4a68f259726b53dfe4731bdb74861f8fd58d049,Miguel Alves,2026-06-28,supporting
docs/architecture/images/implementation/implementation-persistence-map.png,CURRENT,visual,195449,eb0fe7bb883c5fee03cc314060348cebb18891d5032aa51b2385318813c79ea0,Miguel Alves,2026-06-28,supporting
docs/architecture/images/implementation/implementation-prevention-nominal-flow.png,CURRENT,visual,170192,0fc16acb7e563ab0487260c6dc7e85052da9eaf5c3f4d0f4597431ec3b51c382,Miguel Alves,2026-06-28,supporting
docs/architecture/images/implementation/implementation-rejection-retry-quarantine.png,CURRENT,visual,156963,7d8e1f25f9fb215f999697088d9506aa66b3d818c01311ab2621eaae1c1c74ae,Miguel Alves,2026-06-28,supporting
docs/architecture/images/implementation/implementation-repository-map.png,CURRENT,visual,144190,52b971ec259725c158c8ab82e8a2a418f7e1766ab9e9dae4f7aff461402c36cf,Miguel Alves,2026-06-28,supporting
docs/architecture/images/implementation/implementation-scenarios-and-manifests.png,CURRENT,visual,143425,d4e24969f7700e5b63627c566764acd29699296f54f9e115b6cf4bc5bc9e1f05,Miguel Alves,2026-06-28,supporting
docs/architecture/images/implementation/implementation-simulator-nominal-flow.png,CURRENT,visual,177448,ad0bde50f9db386c73e988d5e338fadb87f69216a1f5544484ffd30f25f6921c,Miguel Alves,2026-06-28,supporting
docs/architecture/images/implementation/implementation-tests-map.png,CURRENT,visual,125130,a3a55f80e2b6f24357d0aa9bc254fda8a5a9a0531c2b8e061b94c3604fd51ae7,Miguel Alves,2026-06-28,supporting
docs/architecture/images/presentation/P01-project-one-picture.png,CURRENT,visual,25840,b9bdd5ca795189d6046ba2c1d8ea3f47c4f453db85ab6595a83400399ab3504b,Miguel Alves,2026-06-28,supporting
docs/architecture/images/presentation/P02-runtime-flow-simple.png,CURRENT,visual,22630,7ad62e4c88a72463df61359dce710f32eb3c5fda22f6c07f5c3caa0f4dcd4e5c,Miguel Alves,2026-06-28,supporting
docs/architecture/images/presentation/P03-risk-pipeline-simple.png,CURRENT,visual,24746,a39fd0725818aa36cafbd4a065c40fe89cfff2c600a6378fac209f861056cc13,Miguel Alves,2026-06-28,supporting
docs/architecture/images/presentation/P04-alerts-and-api-simple.png,CURRENT,visual,20247,e883ce0066a321185d4deecf72dc7f01607f3c902cf1e40f23584df2723c74e5,Miguel Alves,2026-06-28,supporting
docs/architecture/images/presentation/P05-run-orchestrator-simple.png,CURRENT,visual,22412,a7fafb61dc2df4035b716d25a8116eee286d5c0969c69b0ee1a267f9755a9e5d,Miguel Alves,2026-06-28,supporting
docs/architecture/images/presentation/P06-Arquitetura3Blocos.png,CURRENT,visual,57638,6c4f37baa99601629b2685238c927f2b5e135fdda795c5bc57827daea5bfbaba,Miguel Alves,2026-06-28,supporting
docs/architecture/images/presentation/P07-DecisaoDeRisco.png,CURRENT,visual,62949,a13e05706be7617921d76f246333414bccc5f5bac6a250bf39acac473dde1775,Miguel Alves,2026-06-28,supporting
docs/architecture/images/presentation/P08-RunReprodutivel.png,CURRENT,visual,71280,c61890a8bd56719b4345a15d58efd4814f4e006dfc31dff32a48401bf4be43d0,Miguel Alves,2026-06-28,supporting
docs/architecture/implementation.md,CURRENT,markdown,142950,2e40ab9046e68c8eedaea3b9aed80eb88a4c2aff89a08f9b02203d15f3695eba,Miguel Alves,2026-06-28,supporting
docs/architecture/pipeline-influx-options.md,CURRENT,markdown,20665,d710d1ae65c7104d7e512821ea28bbb815ea9ff8048e442875e78822773d1806,Miguel Alves,2026-06-28,supporting
docs/architecture/postgresql-architecture.md,CURRENT,markdown,14167,0106d83e8f01ee9252799e02e2eebaf310de0f32dfd4c1fc0580c12123d6d8df,Miguel Alves,2026-06-28,supporting
docs/architecture/repository-exploration-guide.md,CURRENT,markdown,25163,0e547e2e4fdf55fa6fed0d7683b6ee026889a352ada50ed759b98cdeb6bb976d,Miguel Alves,2026-06-28,supporting
docs/architecture/roles-implementation.md,CURRENT,markdown,1885,7bbf3e11b454689db5ed8761fca4d2cfceb2b8b5f876dd7e4fb9529a50fabf2c,Miguel Alves,2026-06-28,supporting
docs/architecture/runtime-run-orchestration.md,CURRENT,markdown,2299,c8a87c53e5a7da763c9bf76db8ac1fb57f45a7e931010b1a90e30cd690180743,Miguel Alves,2026-06-28,supporting
docs/architecture/scenario-run-orchestrator.md,CURRENT,markdown,6620,c8fb358409cf096dcd54a12a24b39825e713b37b6fd65cb3578b1ef8b54ae1ea,Miguel Alves,2026-06-28,supporting
docs/cloud/admin-cloud-bootstrap.md,CURRENT,markdown,3101,bf29cdb8086ed9b4fa69e5ffd9da31768a5d1feac7faf8d40ee8b422605ad484,Miguel Alves,2026-06-28,supporting
docs/cloud/architecture-and-responsibilities.md,CURRENT,markdown,1680,346486673782f7f87e52d517c519dae28183683807c2d8764f3e2ded80231612,Miguel Alves,2026-06-28,supporting
docs/cloud/environment-variables.md,CURRENT,markdown,2482,45ff979edab131c42f7f411c92ff5fcc04f0d6a47848f926d9eddcfa1860752f,Miguel Alves,2026-06-28,supporting
docs/cloud/local-cloud-setup.md,CURRENT,markdown,2440,4dc0e0d940b064c8f3b3ee37112a6a236b177e41715ca8dab27a3227e8061b34,Miguel Alves,2026-06-28,supporting
docs/cloud/transplant-checklist.md,CURRENT,markdown,2025,5689ffb95fb1cdb63448116cf6b45747ae93eb913e5992934fed460d5b4d65c6,Miguel Alves,2026-06-28,supporting
docs/contracts/README.md,CURRENT,markdown,3868,72b8bf7124873702e308eaed5aa7e4e87deea9e98f2b3bce22fbd0f9ef8f4625,Miguel Alves,2026-06-28,supporting
docs/contracts/event-catalog.md,CURRENT,markdown,4322,802423744fd59690520aca1a3dfc1e699dbbc9afd326a711dad440009620717a,Miguel Alves,2026-06-28,supporting
docs/contracts/v1-vocabulary-map.md,HISTORICAL,markdown,9889,66e333f84d08c2b3d90891d6ec27722f4624ea70f36bb2f919dd37ff8a1f91d2,Miguel Alves,2026-06-28,supporting
docs/current-state/architecture-and-runtime.md,CURRENT,markdown,2885,11ed4943e24d48f73ea5b6066e5d6f98288560f2baa1f5b1a733b193307e3039,Miguel Alves,2026-06-28,canonical
docs/current-state/cloud-and-deployment.md,CURRENT,markdown,2103,cd00818f6b5ef430582a47a5ae281920adf2c1b1893936bf6ab6f91cb914d994,Miguel Alves,2026-06-28,canonical
docs/current-state/data-risk-and-scientific-boundaries.md,CURRENT,markdown,2202,18b9d71ff124c704299eda1c081b1ab21bb7ef98221ad61db84a983b3987b985,Miguel Alves,2026-06-28,canonical
docs/current-state/limitations-and-open-gates.md,CURRENT,markdown,1897,c46ed4be8019652fad7d0710f1f4e75024bf89b93c9f2a3c45a215cd481133c4,Miguel Alves,2026-06-28,canonical
docs/current-state/operations-control-plane.md,CURRENT,markdown,2307,1df645a1c17205ab3eae1827e3d8b5bb0dd20b5dbbd55d03194bc123ae2c1877,Miguel Alves,2026-06-28,canonical
docs/current-state/project-state.md,CURRENT,markdown,3628,8b93fba5997d07dcc5a5841aedd6be886b4d58437826d592a48f8539ab527697,Miguel Alves,2026-06-28,canonical
docs/current-state/quality-evidence-and-testing.md,CURRENT,markdown,2101,7070f01a10ad630e3a40d2ead509b0ab7a74390ad116e434f65997cae3760b77,Miguel Alves,2026-06-28,canonical
docs/current-state/roles-capabilities-and-ui.md,CURRENT,markdown,2231,aee687360947f22bdf9b44eb1a1e4edec896e2e0e098060cd8cfa0bace168750,Miguel Alves,2026-06-28,canonical
docs/decisions/ADR-G10-1-local-cloud-parity-and-qualification-profile.md,CURRENT,markdown,1976,a5376faf5f27abb55170fe10ea007e4838aa953eb8cff63cbe21d59ea36c596f,Miguel Alves,2026-06-28,supporting
docs/decisions/ADR-G10-2-executable-preflight-and-bootstrap-gates.md,CURRENT,markdown,2244,0fc53fb672d079f190408dedcbfaec3c13ff1a6cc88b0fda87db19a80de18d31,Miguel Alves,2026-06-28,supporting
docs/decisions/ADR-G10-3-owner-bootstrap-budget-and-foundation-plan.md,CURRENT,markdown,2083,25d8e0939d19d52b7a69c86c41cbd0c98f4e64b86adf8ad87995850bbd578b6f,Miguel Alves,2026-06-28,supporting
docs/decisions/ADR-G8-1-production-cloud-and-cd.md,CURRENT,markdown,5629,3c98efbe0222a844c2dbba253052be4089948391203b7e0d72de4e0883a7a67c,Miguel Alves,2026-06-28,supporting
docs/docfx/.gitkeep,CURRENT,file,1,01ba4719c80b6fe911b091a7c05124b64eeece964e09c058ef8f9805daca546b,Miguel Alves,2026-06-28,supporting
docs/docfx/README.md,CURRENT,markdown,11457,d8ebe601026cb81b6f3ed5d8ec9ec84edd2ca746aeafdd90da48f993bface13a,Miguel Alves,2026-06-28,supporting
docs/docfx/api/.gitkeep,CURRENT,file,1,01ba4719c80b6fe911b091a7c05124b64eeece964e09c058ef8f9805daca546b,Miguel Alves,2026-06-28,supporting
docs/docfx/api/toc.yml,CURRENT,structured,59,6afaa68c93a498caf738ac0c8392f467d2ae9b5e00110c701e068cdcd1b63145,Miguel Alves,2026-06-28,supporting
docs/docfx/docfx.json,GENERATED,structured,1330,22bab8a0baa1d90f1b03df4f445ef80c2b470021dc2f324c1e65565a65cb26af,Miguel Alves,2026-06-28,supporting
docs/docfx/index.md,CURRENT,markdown,335,2d9cb09aa778cba9cbc912560194730638f362150744a6663d53ccdec68e0922,Miguel Alves,2026-06-28,supporting
docs/docfx/openapi-future.md,CURRENT,markdown,375,6712b50fae260a2f1078455d125e00ff0372352f9459ed1e8ddae388f83bc273,Miguel Alves,2026-06-28,supporting
docs/docfx/toc.yml,CURRENT,structured,1810,8a5fcdb7786971d052e7b4ae4545b6e5a65ef9165efb10af0fe18eca0beb783c,Miguel Alves,2026-06-28,supporting
docs/documentation-manifest.yml,CURRENT,structured,55499,101ececd3a91f7e18ab982c3729ba1d2105e761ac55d9a8b294c45bc8e285d17,Miguel Alves,2026-06-28,supporting
docs/doxygen/Doxyfile.local,CURRENT,local,3630,0b68d7abfc4418c8bdafed2e70293b28fb162d843a1ff0561403c6edb39c0a86,Miguel Alves,2026-06-28,supporting
docs/doxygen/README.md,CURRENT,markdown,9566,951469172230e88f513606cb49d221ba4381b8293930c4abb14699fd0eede27f,Miguel Alves,2026-06-28,supporting
docs/doxygen/config/Doxyfile,CURRENT,file,1543,31841e16295ffe25eff5a2a5fc7177f00413934e42b81f9880c51d10675cf5b3,Miguel Alves,2026-06-28,supporting
docs/doxygen/pages/control-plane-and-bootstrap.md,CURRENT,markdown,5751,ca486acba4a603f73895f778f0efbec8d3025069f71e30e4219d7cc6227607db,Miguel Alves,2026-06-28,supporting
docs/doxygen/pages/mainpage.md,CURRENT,markdown,6537,01b913dfa3ea554c0611ecf3eb5ff8d2c0d63dcbd054176a8dfcd0de819ac9be,Miguel Alves,2026-06-28,supporting
docs/doxygen/pages/persistence-model.md,CURRENT,markdown,5812,4088ec015d606025ccc739eef38b00a3c2086770ad61adcd71d0c0f97c71310e,Miguel Alves,2026-06-28,supporting
docs/doxygen/pages/prevention-flow.md,CURRENT,markdown,6517,f61d4542efd46ff5f630ccb675f723561d082e19b553a50ecafe0fc492e5288a,Miguel Alves,2026-06-28,supporting
docs/doxygen/pages/simulator-flow.md,CURRENT,markdown,6205,eafc3a2ee7da560d5e218356aa3e3a418ab56431ce4d35f842e50e164ef60fa4,Miguel Alves,2026-06-28,supporting
docs/doxygen/pages/tests-as-documentation.md,CURRENT,markdown,5011,86b42bf5c62f2764105c8cbaec49444bd7bd364fa93d8c50f0dc0f5150485be4,Miguel Alves,2026-06-28,supporting
docs/evidence/README.md,EVIDENCE,markdown,1490,68fbc960a952028f52148a096180cb4288f1d2561df1655150322cb671530200,Miguel Alves,2026-06-28,supporting
docs/evidence/db-state/influx-20260601-212943/00-influxdb3-help.txt,EVIDENCE,txt,1317,8e7937937b563778fac0e472e60fc3fda8c0bd422a7b484bd5629835dbfe3150,Miguel Alves,2026-06-28,supporting
docs/evidence/db-state/influx-20260601-212943/00-token-check.txt,EVIDENCE,txt,52,fbcf542885ceade3c5c96621a9d71afd218c954ebacdf32802b137abe44d97b2,Miguel Alves,2026-06-28,supporting
docs/evidence/db-state/influx-20260601-212943/01-influxdb3-help.txt,EVIDENCE,txt,1317,8e7937937b563778fac0e472e60fc3fda8c0bd422a7b484bd5629835dbfe3150,Miguel Alves,2026-06-28,supporting
docs/evidence/db-state/influx-20260601-212943/01-tables.txt,EVIDENCE,txt,0,e3b0c44298fc1c149afbf4c8996fb92427ae41e4649b934ca495991b7852b855,Miguel Alves,2026-06-28,supporting
docs/evidence/db-state/influx-20260601-212943/02-health.txt,EVIDENCE,txt,0,e3b0c44298fc1c149afbf4c8996fb92427ae41e4649b934ca495991b7852b855,Miguel Alves,2026-06-28,supporting
docs/evidence/db-state/influx-20260601-212943/03-auth-check-env-token.txt,EVIDENCE,txt,78,cd7aa3b86be68681a0c5466c8156bb5bea22af55ecacbd4346968fbb724d0c0c,Miguel Alves,2026-06-28,supporting
docs/evidence/db-state/influx-20260601-212943/04-schemata.txt,EVIDENCE,txt,897,285474142956019973d933ed4c3b587ec0978ae8ce896ed5903bd2e72bbeeffc,Miguel Alves,2026-06-28,supporting
docs/evidence/db-state/influx-20260601-212943/05-tables.txt,EVIDENCE,txt,1631,b63d221ce7ae8c688fbe71020b7720d0e49e04277033a23b70879968c17e1dd2,Miguel Alves,2026-06-28,supporting
docs/evidence/db-state/influx-20260601-212943/06-columns-and-types.txt,EVIDENCE,txt,15172,a7567cdd8bf2f5cc7ed2f5fa1f11c17d493e55ed9ad96109914a0832e18a5dfa,Miguel Alves,2026-06-28,supporting
docs/evidence/db-state/influx-20260601-212943/07-table-names-raw.txt,EVIDENCE,txt,883,2b3113226c08c45fbd38f27c4d8ecab3a41e84456bab26af09064d4ffa3db96d,Miguel Alves,2026-06-28,supporting
docs/evidence/db-state/postgres-20260601-210838/01-tables.txt,EVIDENCE,txt,1794,f4f12c0399c01072e703dd80767044cc1a7845c02b709d1905aecadee64a54ad,Miguel Alves,2026-06-28,supporting
docs/evidence/db-state/postgres-20260601-210838/02-columns-and-types.txt,EVIDENCE,txt,124486,9d4010dd238ea91719992d04f8fd817330d5da8af27b9195703bf1448b90a074,Miguel Alves,2026-06-28,supporting
docs/evidence/db-state/postgres-20260601-210838/03-constraints.txt,EVIDENCE,txt,29136,0da44fbf689e72d7114547f468826c27046aaeb85ddc7b2afc7b9268b6547876,Miguel Alves,2026-06-28,supporting
docs/evidence/db-state/postgres-20260601-210838/04-indexes.txt,EVIDENCE,txt,37406,0aa2f89fa987b91f7d7612d434836c26fbbd49c389d0c377dc38192bf9d7605e,Miguel Alves,2026-06-28,supporting
docs/evidence/db-state/postgres-20260601-210838/05-counts.sql,EVIDENCE,sql,4892,28b1b92af91817a6a0ec3e9d93da543d82550ce40418a1efaeb7caf6d6ec6830,Miguel Alves,2026-06-28,supporting
docs/evidence/db-state/postgres-20260601-210838/05-counts.txt,EVIDENCE,txt,6210,2ed99bd9141102834e5218020435c73b54a8c3072785de61f14b20356cdaf9d3,Miguel Alves,2026-06-28,supporting
docs/evidence/db-state/postgres-20260601-210838/06-samples.txt,EVIDENCE,txt,4428728,21f52f47307e3d6642ebd20c05fa1a9c7d506af2c060e652eb11ab4a8e069c1b,Miguel Alves,2026-06-28,supporting
docs/evidence/db-state/postgres-20260601-210838/07-schema-only.sql,EVIDENCE,sql,111386,05734ae6baeb4ee1585075a53cc5707dc11ae7ddf04f352007697f2a1fd65a20,Miguel Alves,2026-06-28,supporting
docs/evidence/execution-evidence-2026-05-11.md,HISTORICAL,markdown,4037,46e63c7a6501dc5ddb680bc02694b4efdafd8d83ee04a86dcd097b0bb9d3e9a9,Miguel Alves,2026-06-28,supporting
docs/evidence/g10-2-phase3-state.json,EVIDENCE,structured,1245,5ec716593012b7e193c8f5b6d2b7ce6c3d6458d4c46c1b104444ff25d8615346,Miguel Alves,2026-06-28,supporting
docs/evidence/g10-3-phase4-state.json,EVIDENCE,structured,939,15eda1aef0d208f7e717646a3dab878261d9168c4298a1f53cab07f3b0148baa,Miguel Alves,2026-06-28,supporting
docs/evidence/g8-1-implementation-evidence-2026-06-20.md,EVIDENCE,markdown,2711,e0862eb861d48df41e8e2085a84d703f63b2412ff9cec4ea0c283aa3cc3ca26b,Miguel Alves,2026-06-28,supporting
docs/evidence/g8-1-source-references.md,EVIDENCE,markdown,2036,7dd4309bd04bac4cfea9bf106a164ac7ff9dececdc0d1b5ad344a0d2152a8670,Miguel Alves,2026-06-28,supporting
docs/evidence/g8-1-state.json,EVIDENCE,structured,801,759916f71389cfcf2e8b0ac20dda9d5def8e2d5ebe70f552bbafc346fd8a2cc8,Miguel Alves,2026-06-28,supporting
docs/evidence/g8-2-state.json,EVIDENCE,structured,729,d644a640b009c3c6e0f9601ff798d7b1896e7232f6f27cf265838bc6ed41fa78,Miguel Alves,2026-06-28,supporting
docs/evidence/g9-conflict-register.md,EVIDENCE,markdown,1123,4074789fcd275da69ffd9f4262ebf88a16d85610c839f8487348e50a185dc77c,Miguel Alves,2026-06-28,supporting
docs/evidence/g9-convergence-state.json,EVIDENCE,structured,530,0efa3dcb29c266338add97b65ed9ded8a5573b39055f3e9c4b531d0b46c03f10,Miguel Alves,2026-06-28,supporting
docs/evidence/progress-2026-05-22/01-git-status.txt,EVIDENCE,txt,1685,5f92f5f34f33b234d05cbeb0af4cfb2575b350e5a9ec874e2eeec2f6d81d0a73,Miguel Alves,2026-06-28,supporting
docs/evidence/progress-2026-05-22/02-build.txt,EVIDENCE,txt,4489,2ec5e11609d6b8dbf8dfabeda8a19d0bca481c94bb328eaea9179562d9bc04ef,Miguel Alves,2026-06-28,supporting
docs/evidence/progress-2026-05-22/03-tests.txt,EVIDENCE,txt,6189,f04f1ac6ef32e0ec919d2332304b208ee3c3799411e32d230ad7d4ac5ed2cd4e,Miguel Alves,2026-06-28,supporting
docs/evidence/progress-2026-05-22/04-scenario-b-summary.sql.txt,EVIDENCE,txt,3460,ce8c3005a4f8819ed4633ab8f8e26c71d235f6cdfd860ed30545499e77558d74,Miguel Alves,2026-06-28,supporting
docs/evidence/progress-2026-05-22/05-scenario-c-summary.sql.txt,EVIDENCE,txt,3529,ff369caf625f45718d4ca86301f872102097c9b368869a41358d33df1d91c891,Miguel Alves,2026-06-28,supporting
docs/evidence/progress-2026-05-22/06-compare-b-vs-c.json,EVIDENCE,structured,735,fc4386c1d1664c0c31a054f978ec8f4d38d7e0eee53cf9510667a3bc107a1f09,Miguel Alves,2026-06-28,supporting
docs/evidence/progress-2026-05-22/07-runtime-notes.md,EVIDENCE,markdown,1401,0e5911b9176b75e85f090b54ef2f83c0e4b07cb9ac48ee53dfad408341bba5e0,Miguel Alves,2026-06-28,supporting
docs/evidence/progress-2026-05-22/08-requirements-status.md,EVIDENCE,markdown,4878,bfb899dedfed6a1d867a5fc6f0a6e520146948099b29e4059764f90f39106407,Miguel Alves,2026-06-28,supporting
docs/evidence/progress-2026-05-22/09-degradation-profiles-plan.md,EVIDENCE,markdown,3041,4228b6fb740fcc7fc02406a99edecba568c58ca7cc0999d915c45ecdc94e6b23,Miguel Alves,2026-06-28,supporting
docs/evidence/progress-2026-05-22/10-risks-and-plan-to-demo.md,EVIDENCE,markdown,2176,366f3a80e133e481ba2183fe75c17d3f2a67c1d0cfea9a77c6e273e955fa5e1a,Miguel Alves,2026-06-28,supporting
docs/evidence/progress-2026-05-22/11-progress-slides-outline.md,EVIDENCE,markdown,5195,34c3a9b20e4cdb18e6c051a6f9b7d155ff90fe41b34590ba4c89903fdb8baaa9,Miguel Alves,2026-06-28,supporting
docs/evidence/progress-2026-05-22/12-report-structure.md,EVIDENCE,markdown,3681,933a11148123e90e8059bf4358708a891acc55f6c825f8c073df029dca8b25ca,Miguel Alves,2026-06-28,supporting
docs/evidence/progress-2026-05-22/13-rbac-checkpoint.md,EVIDENCE,markdown,2361,6baa5e41617545cad3616edd7d0e3439e33a722784c8b24c39d9884ef1661ba3,Miguel Alves,2026-06-28,supporting
docs/evidence/progress-2026-05-22/14-presentation-dry-run.md,EVIDENCE,markdown,3973,f2fab95ac299cae8ffc545d38484e246e331bcffee5aec4c65a666b659de605a,Miguel Alves,2026-06-28,supporting
docs/evidence/progress-2026-05-22/requirements-status.md,EVIDENCE,markdown,4878,bfb899dedfed6a1d867a5fc6f0a6e520146948099b29e4059764f90f39106407,Miguel Alves,2026-06-28,supporting
docs/evidence/progress-2026-05-22/scenario-b-5cycles-6sensors-none.json,EVIDENCE,structured,363,632ebe9cb922ef62695dec55ca46f60771c33ae8d4c087c6eb391c40dd5c9da0,Miguel Alves,2026-06-28,supporting
docs/evidence/progress-2026-05-22/scenario-c-5cycles-6sensors-missing-readings.json,EVIDENCE,structured,387,e7c5a4a45c8c5790e031ffa270bd450a8ad6b525e0b66de7bd21d63ca0ff808c,Miguel Alves,2026-06-28,supporting
docs/evidence/report-inventory-collection.md,EVIDENCE,markdown,2760,1b372bbbac351a6c9dd5d136a2d81d68838ef848c1decd29adbce4784b4797b3,Miguel Alves,2026-06-28,supporting
docs/evidence/runs/README.md,EVIDENCE,markdown,573,40671a3e777b47f928ae79a35ec84ae1c3ee6b0d63d5ecc30ee6e99088172a56,Miguel Alves,2026-06-28,supporting
docs/evidence/runtime-counts-before-reset.txt,EVIDENCE,txt,1176,0cef7106c72222a8e9a86025590a90142bcab4b4f0f3f2ff668c06ab75714228,Miguel Alves,2026-06-28,supporting
docs/evidence/sql/v1-runtime-evidence.sql,HISTORICAL,sql,17661,7be316cac4342cf367a39ec31973e4877b5206d297d8ae1dfde2cb728ebc8a58,Miguel Alves,2026-06-28,supporting
docs/evidence/v1-alert-policy-tests-2026-05-14-final.txt,HISTORICAL,txt,16316,be97a7b6e75fd7e8ea292f80319617b2168dbb689ca0b82998cd62f04c263d29,Miguel Alves,2026-06-28,supporting
docs/evidence/v1-dotnet-test-2026-05-14-final.txt,HISTORICAL,txt,14480,df83651c1f1791985817be1d7cb24a2b4e37a17f20acf67d42e802e55902a9fc,Miguel Alves,2026-06-28,supporting
docs/evidence/v1-runtime-evidence-2026-05-12-1338.md,HISTORICAL,markdown,117576,da28cf38375f7fb3bd9b60c749c1e73ba5ae623a436f7db36b5a1654b0770a58,Miguel Alves,2026-06-28,supporting
docs/evidence/v1-test-list-2026-05-14.txt,HISTORICAL,txt,185738,c9c0eab54efbacc26624b80c4c1cc784f23b1b78c705b37e6acaf112538cac23,Miguel Alves,2026-06-28,supporting
docs/explanation/evidence-and-authority.md,CURRENT,markdown,934,e7f5a382b9fcb6bc6edd84f337db191362d968293ce4eaa1bc4ec1016cb14ff2,Miguel Alves,2026-06-28,supporting
docs/governance/documentation-implementation-result.md,CURRENT,markdown,1414,49b30c8fc15cc37f47f402cac133300123b1b78a2c420b6c4e568261bef0ea65,Miguel Alves,2026-06-28,supporting
docs/governance/generated/broken-links.csv,GENERATED,structured,22,503cf03e86832c6c04c2a9d67f55cd9182f8aae661f466f160f862bbe87203d9,Miguel Alves,2026-06-28,supporting
docs/governance/generated/consumer-map.csv,GENERATED,structured,1145,b49c12c7694e5385f602950224a8c8b261869fbac38384ab4d39834d43b7f57b,Miguel Alves,2026-06-28,supporting
docs/governance/generated/document-to-code-map.csv,GENERATED,structured,1014,757354a59fae4df24468e175bb7be1e88db43f053536bd47ffeb95019655e105,Miguel Alves,2026-06-28,supporting
docs/governance/generated/document-to-report-map.csv,GENERATED,structured,788,0a1c7e7ae67e70d8fe4f11e40a5831a46effb51601b676eca26486bb9b065c99,Miguel Alves,2026-06-28,supporting
docs/governance/generated/documentation-inventory.csv,GENERATED,structured,82370,d910f039ea476b1c7d5d46b0c7b09bfee2dfe36fbee784154698db138a002dbc,Miguel Alves,2026-06-28,supporting
docs/governance/generated/source-corpus-register.csv,GENERATED,structured,3364,04eb076a61258ce6aa26e6ea166e9027662339ef61663a0c3cace621ef262511,Miguel Alves,2026-06-28,supporting
docs/governance/generated/validation-summary.json,GENERATED,structured,172,c37bd80e93fe1b7f8549fa458f181d882a746c9dc2dc5f2bff7749ca6267ff7c,Miguel Alves,2026-06-28,supporting
docs/history/cloud-evolution-summary.md,HISTORICAL,markdown,689,828dc4a23c943ef68f933c2d1f8f8865496d3f1e953d7802580fcc9c222ee95b,Miguel Alves,2026-06-28,supporting
docs/how-to/review-a-staging-deployment.md,CURRENT,markdown,964,745c2f1b4017481dbb35d85bb61ded279e60b6fb919ea08b1bfc130ee572144a,Miguel Alves,2026-06-28,supporting
docs/how-to/run-quality-and-read-evidence.md,CURRENT,markdown,1026,2e16f63ce8ca77311921f7dcb33928cec9c28ec6aa3d23b4cd17e2423e94de48,Miguel Alves,2026-06-28,supporting
docs/implementation/cloud/g1-container-readiness-orchestration-decoupling.md,CURRENT,markdown,3451,57e0564176f8b8017c50168870c1e04ea156ca7cd00ca8608bfde62fcd96092c,Miguel Alves,2026-06-28,supporting
docs/implementation/cloud/g8-1-cloud-production-architecture-cd-hardening.md,CURRENT,markdown,10038,9a336182f4a1680ff37ef5400526e1229ab975b34434ebe21dc70476f125e8f3,Miguel Alves,2026-06-28,supporting
docs/implementation/cloud/g8-2-qualification-evidence-integrity.md,CURRENT,markdown,3739,f6c8d0f89d21cdf3f04c1cb68f4936f38d39e249ad5c828e9d29a2ad79c4e04f,Miguel Alves,2026-06-28,supporting
docs/implementation/cloud/g9-repository-convergence.md,CURRENT,markdown,2190,5fe4e4d19ff4213a857f54f013c0e3cc500bac7eaeec4637b4e3dbb696b352e4,Miguel Alves,2026-06-28,supporting
docs/implementation/delivery-capacity-cutover-readiness.md,CURRENT,markdown,12074,31394bea3d2d633ad6bc4cbcf3c679b037bafbdb4e39ba9976584211f0bcff6b,Miguel Alves,2026-06-28,supporting
docs/implementation/engineering-foundations.md,CURRENT,markdown,23654,6e3bd9ea39818452569c803711016c4667317372ab99c7a98bc1e3403b75c917,Miguel Alves,2026-06-28,supporting
docs/implementation/maintainability/canonical-convergence-2026-06-28.md,CURRENT,markdown,889,a6b90cf702e969c520083718a0624e5e94fd3198d03685a7a2647485d66ccb02,Miguel Alves,2026-06-28,supporting
docs/implementation/maintainability/canonical-deployment-authority-2026-06-28.json,GENERATED,structured,29497,538ab5003701c2348b341d9398c6b1d996d0582bc80a5ab4e2ca87cde2e847e7,Miguel Alves,2026-06-28,supporting
docs/implementation/maintainability/configuration-authorities-phase2.md,CURRENT,markdown,2747,915db872b18e4152c5946622409ed79427dd57a5f12c4bc5d02f684804a4e6b8,Miguel Alves,2026-06-28,supporting
docs/implementation/maintainability/control-plane-decomposition-phase5.md,CURRENT,markdown,3218,fd1d1939ed973346c4b42daf7dcce077716f4ae2bdd66028483be065bba9b678,Miguel Alves,2026-06-28,supporting
docs/implementation/maintainability/final-convergence-remediation-2026-06-28.md,CURRENT,markdown,1135,fc681551ee7658a72d392c505692a44c03775dfd9d660ce16c91c9e1db11395f,Miguel Alves,2026-06-28,supporting
docs/implementation/maintainability/frontend-decomposition-migration-proof-phase6.json,GENERATED,structured,812,2fbca5294937436f826a24b22dee561e04561c5121cf7450618d48d0b1bc500f,Miguel Alves,2026-06-28,supporting
docs/implementation/maintainability/frontend-decomposition-phase6.md,CURRENT,markdown,1463,8f289972f175c2e9a52d64246d2259cbc58b861f82bde8ef1a2e1c9dd8d4106e,Miguel Alves,2026-06-28,supporting
docs/implementation/maintainability/powershell-tooling-phase3.md,CURRENT,markdown,5111,204c34e4363f4d06e477c66edd2f78b8019d0c2ae4dd4090b59a3f058e1f357a,Miguel Alves,2026-06-28,supporting
docs/implementation/maintainability/quality-guardrails-phase4.md,CURRENT,markdown,2140,dfdbba7e91df8d00366aaf175f4eb586263cafd56f3dd6d6f979f0d7ccca12fb,Miguel Alves,2026-06-28,supporting
docs/implementation/maintainability/repo-audit-phase0-baseline.json,GENERATED,structured,1762,41426f2897f19a0d3a012ce64c6253e29a65c5bedd7d0cf637679e157c9039c6,Miguel Alves,2026-06-28,supporting
docs/implementation/maintainability/repo-audit-phase0.md,CURRENT,markdown,3634,2119efd54434d0725c0c77e5843a8310ef4e22d8d00ea5c2c481462e07f62923,Miguel Alves,2026-06-28,supporting
docs/implementation/maintainability/repo-hygiene-phase1.md,CURRENT,markdown,3042,6f0069a32b9fdb5931e1f31ddf733b590ab5adad42b316b0e3fc65a1b7916e3b,Miguel Alves,2026-06-28,supporting
docs/implementation/maintainability/repository-cleanup-phase8.md,CURRENT,markdown,2882,745366a50546269de5b9672d44c44b6d84673a7ca278a786812875991501b9ef,Miguel Alves,2026-06-28,supporting
docs/implementation/maintainability/workflow-convergence-phase7.md,CURRENT,markdown,1234,35d620a6f9dbd21566e7db63f9d1b0ca2c1d916c7b9e89255aa4a9c39e176685,Miguel Alves,2026-06-28,supporting
docs/implementation/observability-and-runtime-evidence.md,CURRENT,markdown,9551,32ecbf7176605610a5baa1b48dbda0e5b369ccd4490b93842068c3615028f664,Miguel Alves,2026-06-28,supporting
docs/implementation/operations/demo-narrative.md,CURRENT,markdown,1296,7882205ead44f6a5851783a7beadea4e0e041c0d72c39f03913437bd3c3f2fcc,Miguel Alves,2026-06-28,supporting
docs/implementation/operations/open-gates.md,CURRENT,markdown,1249,e69041efea96b6fafeb657c3357c30eccbcc0dd3422298efc0ff646afb3512cc,Miguel Alves,2026-06-28,supporting
docs/implementation/operations/security-model.md,CURRENT,markdown,1747,1a45065b1c928e8610c6235ebfa13a995c9bfdc15aa1f7de2994234cca9c75b4,Miguel Alves,2026-06-28,supporting
docs/implementation/operations/unified-operations-control-plane.md,CURRENT,markdown,2538,aa057318f18eba68cfddfb40da065aefbc53b26c7d4ad8304240b374b103a7af,Miguel Alves,2026-06-28,supporting
docs/implementation/operations/workflow-callback.md,CURRENT,markdown,913,a68cedb5b88de64756f378a31fdcaf94371007ae581ee3afd4646dbc0fba948c,Miguel Alves,2026-06-28,supporting
docs/implementation/ui-v2-foundation.md,CURRENT,markdown,7313,2f904f111394ed77fd98b203c9433405f2b83314be8c42f21983f34d75e1dd93,Miguel Alves,2026-06-28,supporting
docs/implementation/ui-v2-owner-maintenance-guide.md,CURRENT,markdown,5680,a817e1836c45d1ba1a66d48be7519b9e4f137567be9a97fe8945e33d8ec04126,Miguel Alves,2026-06-28,supporting
docs/implementation/v1/degradation-profiles-plan.md,CURRENT,markdown,3041,4228b6fb740fcc7fc02406a99edecba568c58ca7cc0999d915c45ecdc94e6b23,Miguel Alves,2026-06-28,supporting
docs/index.md,CURRENT,markdown,2436,0cadf94240e1e1399c9ab611ec76db48ef4a1c3d701e7582357406595ecb35cb,Miguel Alves,2026-06-28,supporting
docs/operations/g1-local-container-runbook.md,CURRENT,markdown,4285,f6e700f48d78af2e56bc65d65d53c544f75562e9989d7f2084bcf18d69913ed9,Miguel Alves,2026-06-28,supporting
docs/operations/g10-2-preflight-bootstrap-runbook.md,CURRENT,markdown,4210,c422e1095085103cfb00082bc469e0707abd887a995bf3f1cc4cb5b4feb74394,Miguel Alves,2026-06-28,supporting
docs/operations/g10-3-owner-bootstrap-runbook.md,CURRENT,markdown,3659,b5fab3572b6295f72416ede4229d7fa1e58ae582530abfa6c08be7555d999e84,Miguel Alves,2026-06-28,supporting
docs/operations/g8-1-cd-and-rollout-runbook.md,CURRENT,markdown,6413,3f6f20b7a490509a0fc82c1ec4db591638d0a6f8d9ab9644cadfce4596e458d0,Miguel Alves,2026-06-28,supporting
docs/operations/g8-1-one-week-production-runbook.md,CURRENT,markdown,2188,61cd9e0f8547f34c3ab5218a1b36bfd0cddb659c84c32401c048cde697de5b09,Miguel Alves,2026-06-28,supporting
docs/operations/g8-2-independent-review-authorization-runbook.md,CURRENT,markdown,1670,df6830589b04b0c55b95f44eed0915c49326b13b8e8d7ffc6e62b419b104cff4,Miguel Alves,2026-06-28,supporting
docs/operations/g8-2-runtime-qualification-runbook.md,CURRENT,markdown,1982,5fbf3b29164a22b4dc069d55f5a9d302fa258f809de7b2967b1b36e3d286515c,Miguel Alves,2026-06-28,supporting
docs/operations/g9-preintegration-runbook.md,CURRENT,markdown,1076,07640be69ca80c430cf248c02cf8eb371cde5fd8cd4f2b593c976cab841805fa,Miguel Alves,2026-06-28,supporting
docs/planning/diary/GabrielMano/GM.md,PLANNED,markdown,20482,37d1fe49f1b1b2c24c8ba95f69cf2fb96e042f9225de347dd667cb7a0fa5e531,Miguel Alves,2026-06-28,supporting
docs/planning/diary/GabrielMano/imagens/DashsQuizna3.png,PLANNED,visual,99219,b82ad9e72f3b80f96f7ab9c461d55c6dde248614fe76470e970c22b8f12c0ac4,Miguel Alves,2026-06-28,supporting
docs/planning/diary/GabrielMano/imagens/NPAreaProenca.png,PLANNED,visual,272765,da0785eac40f262f4c0a5cf83aebb98ec4a4fb0cf7348e56875cbd4051e8173b,Miguel Alves,2026-06-28,supporting
docs/planning/diary/GabrielMano/imagens/mapDashNoCells.png,PLANNED,visual,303119,1c77d7e057592b2dc7f08098698dd7d450688bb5b1fb18b25542df2e0f9f51f7,Miguel Alves,2026-06-28,supporting
docs/planning/diary/GabrielMano/imagens/mockup_dark_DEM.png,PLANNED,visual,0,e3b0c44298fc1c149afbf4c8996fb92427ae41e4649b934ca495991b7852b855,Miguel Alves,2026-06-28,supporting
docs/planning/diary/GabrielMano/imagens/mockup_light_normal_map.png,PLANNED,visual,0,e3b0c44298fc1c149afbf4c8996fb92427ae41e4649b934ca495991b7852b855,Miguel Alves,2026-06-28,supporting
docs/planning/diary/MiguelAlves/DocsIntermedios/NP_DocumentoDeFechoDoEscopo.pdf,PLANNED,pdf,507112,aaabf4ef03bd493f4765092b553d12e5d8e86b5d33cebf742a20eadaf81aefac,Miguel Alves,2026-06-28,supporting
docs/planning/diary/MiguelAlves/DocsIntermedios/PesquisaII.pdf,PLANNED,pdf,1093227,536b9f28953c90317e01254ac06a1e5423ae781eb5e318b614d2c5b991d98db3,Miguel Alves,2026-06-28,supporting
docs/planning/diary/MiguelAlves/DocsIntermedios/apG49.pdf,PLANNED,pdf,1790088,50e3928f864010784c6d29a579169d116025e040be1267f1c4a0a846fec95318,Miguel Alves,2026-06-28,supporting
docs/planning/diary/MiguelAlves/DocsIntermedios/pesquisa_incendios.pdf,PLANNED,pdf,607118,e20036ac1ace80bbde13e3e0f7217131d18660938e72420a0fd22cfe83c88c9f,Miguel Alves,2026-06-28,supporting
docs/planning/diary/MiguelAlves/MiguelAlves.md,PLANNED,markdown,260545,d2838c6b605edcadb24eedccea816d189ccb7c026d6a273d4a5fb02eb87cebc8,Miguel Alves,2026-06-28,supporting
docs/planning/esquema_relatorio.md,PLANNED,markdown,62324,c01ec0eab9c94b28902e70499f1126c7a8698bedf484c3786eed427415ee6e05,Miguel Alves,2026-06-28,supporting
docs/planning/pesquisa-ii-vs-implementation-state.md,SUPERSEDED,markdown,520,bd79542efb05c04ec69425d69d35db4d96024e327dfe6992e2d42724cdfe3024,Miguel Alves,2026-06-28,supporting
docs/planning/pipeline-gap-and-dependency-map.md,SUPERSEDED,markdown,529,48f8852c0d29ac749f4796553ad9e1939289760c1b93476b779c4de874b90929,Miguel Alves,2026-06-28,supporting
docs/planning/project-completion-roadmap.md,SUPERSEDED,markdown,699,e22311896a278f765f0e36f88921b2e684687369abdd8b6508db7903330f0c7e,Miguel Alves,2026-06-28,supporting
docs/planning/ui/natureprotector-ui-design-spec-v0.1.md,PLANNED,markdown,56537,acdf6dde864a2ea22daac093048d6c4bbb56cdd9d470fb93743284aa39265582,Miguel Alves,2026-06-28,supporting
docs/planning/v1-implementation-map.md,HISTORICAL,markdown,502,24884795464fc2804d9f90c9f34b5092437d3860832b9c296c0f4f93a30b12e3,Miguel Alves,2026-06-28,supporting
docs/presentation/NatureProtector-Defence-Quick-Reference.md,CURRENT,markdown,6634,a256a1b3495fc8373bbd01ea12c5e3019bb770d5400e43d699deb7cf6f00c735,Miguel Alves,2026-06-28,supporting
docs/presentation/defence-narrative.md,CURRENT,markdown,1094,37ca5dce76ef244ef0b070ec90d8b0c9544e93a2770ddfabc7e0061effdbdb3f,Miguel Alves,2026-06-28,supporting
docs/presentation/exports/NatureProtector-Defence-Quick-Reference.html,CURRENT,html,12667,d8211451139969c125c539941cbefa40e90bb74abe3d7155fca6163cceeb71ac,Miguel Alves,2026-06-28,supporting
docs/presentation/exports/NatureProtector-Defence-Quick-Reference.pdf,CURRENT,pdf,1068764,5d5e708dc9493b4e20447f3b400f669939755a42a669b66788e256be08420d69,Miguel Alves,2026-06-28,supporting
docs/reference/generated/operation-catalog.csv,GENERATED,structured,2633,6c882052d9444c963b41a986d996d39e22eb491f666e2a7a9deb9264c1ce680d,Miguel Alves,2026-06-28,supporting
docs/reference/generated/role-capability-matrix.csv,GENERATED,structured,3263,caf534105b8cd0ef1397820ffdae84c1d2280a67cfbcce9480be0e92264c98a6,Miguel Alves,2026-06-28,supporting
docs/reference/operation-catalog.md,CURRENT,markdown,734,919527f5d86316a1c68f322cd86161581a02c00550e6a193e5e5637d57e50ecc,Miguel Alves,2026-06-28,supporting
docs/reference/roles-and-capabilities.md,CURRENT,markdown,734,eb7227ee826389c064a80ac7e96c00854908eb098e3bcec12f4b3bd7cea382e9,Miguel Alves,2026-06-28,supporting
docs/report/LaTeXReport_template/Abstract/Abstract.tex,HISTORICAL,latex,1929,22f7efc1bbfcdc5d5b8e8d6419441d5b7e937f62d4a2987ba203c4a244c64f3e,Miguel Alves,2026-06-28,supporting
docs/report/LaTeXReport_template/Abstract/AbstractPort.tex,HISTORICAL,latex,128,2eb124e75b1b159ba147943e71e03bae5cd5c65f0da98d5ff4b5492e9bdd8680,Miguel Alves,2026-06-28,supporting
docs/report/LaTeXReport_template/Acknowledgments/Acknowledgments.tex,HISTORICAL,latex,186,2823884095949da353a3e5e56f5c9c78008a1bafa8669ef8be005ef0e181d259,Miguel Alves,2026-06-28,supporting
docs/report/LaTeXReport_template/Acronyms/Acronyms.tex,HISTORICAL,latex,6749,10b3efdbc33df1ae4c1f1be58c044e1c5ff7d06c7bba1cb570f3ea7b4b1171f2,Miguel Alves,2026-06-28,supporting
docs/report/LaTeXReport_template/AppendixA/AppendixA.tex,HISTORICAL,latex,457,262805610e7614c9929664ae778aea5a3fc42dccaeb890bb458628e8bdff6154,Miguel Alves,2026-06-28,supporting
docs/report/LaTeXReport_template/AppendixB/AppendixB.tex,HISTORICAL,latex,75,8cf73e53ac4e76379acfb019bc329770830f2ce294e45008422ecda1b9101558,Miguel Alves,2026-06-28,supporting
docs/report/LaTeXReport_template/AppendixC/AppendixC.tex,HISTORICAL,latex,80,db25891b79ee1ff8b343914dcb659a40e305d02469110b09770baa4bac628635,Miguel Alves,2026-06-28,supporting
docs/report/LaTeXReport_template/Chapter1/Chapter1.tex,HISTORICAL,latex,8676,e9f516879f0e5b5fa443fea0524d6fc3c07d3c0fb6db372669169a8f85893155,Miguel Alves,2026-06-28,supporting
docs/report/LaTeXReport_template/Chapter2/Chapter2.tex,HISTORICAL,latex,13656,81c20f50bfd55687c9b665b013aadf619790036708f11d540423590aa7748c01,Miguel Alves,2026-06-28,supporting
docs/report/LaTeXReport_template/Chapter3/Chapter3.tex,HISTORICAL,latex,8565,a12c1fbee09f965d8fc328ac066657a5ad9de286619180a5eeeb9cce7b11df7b,Miguel Alves,2026-06-28,supporting
docs/report/LaTeXReport_template/Chapter4/Chapter4.tex,HISTORICAL,latex,8254,77146a4fb6edbbe0c4805542dd2a87c1e53cfdbf2fc619a81a182d6573ed0336,Miguel Alves,2026-06-28,supporting
docs/report/LaTeXReport_template/Chapter5/Chapter5.tex,HISTORICAL,latex,5489,d4e83849f9a14568281cd1fa2774c4eeef64026870225e4ced9b4fcbb5e2fe50,Miguel Alves,2026-06-28,supporting
docs/report/LaTeXReport_template/Chapter5/Figures/planning.png,HISTORICAL,visual,38814,6a35f5dfe614101a2d25a0f59726c7784e02ab43193b3a5fc28f38b4d28d85e2,Miguel Alves,2026-06-28,supporting
docs/report/LaTeXReport_template/Chapter6/Chapter6.tex,HISTORICAL,latex,11190,e7c420cb0f44ecb52fb5aa592154ceeaa6998d8cea1573fef98ced2ddac81a32,Miguel Alves,2026-06-28,supporting
docs/report/LaTeXReport_template/Chapter7/Chapter7.tex,HISTORICAL,latex,12322,a5150575cd9d23c75c9250b987772355858ba4548194a0a46a81ba227e3c58bd,Miguel Alves,2026-06-28,supporting
docs/report/LaTeXReport_template/Chapter8/Chapter8.tex,HISTORICAL,latex,7389,1c5843a85285a56d0abe030c6bb87f30a8b996133b96412c2a906cc7e6de37ee,Miguel Alves,2026-06-28,supporting
docs/report/LaTeXReport_template/Dedication/Dedication.tex,HISTORICAL,latex,117,04d43dcfadb316867fe8a322a32fb6d3af71e3b2e03355f07527100128cd388f,Miguel Alves,2026-06-28,supporting
docs/report/LaTeXReport_template/FrontCover/Logo_ISEL.pdf,HISTORICAL,pdf,312408,aa35118f078c11ec8401574b22e699acab3f236dc8285087455b5c770e1ed1ed,Miguel Alves,2026-06-28,supporting
docs/report/LaTeXReport_template/FrontCover/provisoryFrontCover.tex,HISTORICAL,latex,1076,d9ab297b9ffdca318c47d37e5bf760b7001773a586f0459f6445154daaff1a64,Miguel Alves,2026-06-28,supporting
docs/report/LaTeXReport_template/Notation.tex,HISTORICAL,latex,1624,1b1922b87bc6ccbd686c3d9216aae69b9cf85b66f1c4f655312c78890dfec061,Miguel Alves,2026-06-28,supporting
docs/report/LaTeXReport_template/References/References.bib,HISTORICAL,latex,13042,06425f333934cb73cd89e1fdead02dbcd8cab2bc8c85dc015ef76a76300cc3a5,Miguel Alves,2026-06-28,supporting
docs/report/LaTeXReport_template/Report.pdf,HISTORICAL,pdf,514699,d0cd7bd6ba205422f1a7f0cab8201bb950ce2bc9c531d67293baf6860058227e,Miguel Alves,2026-06-28,supporting
docs/report/LaTeXReport_template/Report.tex,HISTORICAL,latex,15666,ef10e3a7fe0aaa458e83042d72841828b41b2822f48c15fa7301de6868026911,Miguel Alves,2026-06-28,supporting
docs/report/LaTeXReport_template/elsarticle-num.bst,HISTORICAL,bst,29353,a78a279d3e6fab27f13532374c46aca6c1ab8607080105713344dbbd7cddc634,Miguel Alves,2026-06-28,supporting
docs/report/LaTeXReport_template/elsarticle.cls,HISTORICAL,cls,24964,af50a5eb83a77888417b672cf3fee576ad84668e39818e63492c920c4a6d9cbf,Miguel Alves,2026-06-28,supporting
docs/report/LaTeXReport_template/makeglossaries.tex,HISTORICAL,latex,0,e3b0c44298fc1c149afbf4c8996fb92427ae41e4649b934ca495991b7852b855,Miguel Alves,2026-06-28,supporting
docs/report/LaTeXReport_template/model1-num-names.bst,HISTORICAL,bst,28801,c799065486f4f11e71724eca88903cbced09260a00c39bb0ea37c3a8a01ea301,Miguel Alves,2026-06-28,supporting
docs/report/LaTeXReport_template/model1a-num-names.bst,HISTORICAL,bst,28531,95488f34b903dffdae074658d64930e336341ae50955f4d683bb83b502880b29,Miguel Alves,2026-06-28,supporting
docs/report/LaTeXReport_template/model2-names.bst,HISTORICAL,bst,32001,b3195a038a4d411bf3893830c5d12847ad268bc03bc1f2ceaeb2fba1db5f0957,Miguel Alves,2026-06-28,supporting
docs/report/LaTeXReport_template/model3-num-names.bst,HISTORICAL,bst,31987,f7afce43d206ece4835fee3753387ee15804c77c2ce4072be509a7dba4fdb549,Miguel Alves,2026-06-28,supporting
docs/report/LaTeXReport_template/model4-names.bst,HISTORICAL,bst,31548,9291e2b8cdf74c71a3e0f0ea3ca30977cba04f9b984a89567b2566751d5aa820,Miguel Alves,2026-06-28,supporting
docs/report/LaTeXReport_template/model5-names.bst,HISTORICAL,bst,32241,d72efbc583dd9fb7d53f632b30b4bc465fe40936233750fba548d2c7eb7483eb,Miguel Alves,2026-06-28,supporting
docs/report/LaTeXReport_template/model6-num-names.bst,HISTORICAL,bst,31640,33124fe870694afa56a577a3f93a908208b3d4afa2d3a646d6274fc8a7296c7f,Miguel Alves,2026-06-28,supporting
docs/report/LaTeXReport_template/myStyles.sty,HISTORICAL,latex,4328,ff60705ef48b533c58c3d43540849b416f511872036176f87f8d9805f520b965,Miguel Alves,2026-06-28,supporting
docs/report/LaTeXReport_template/numcompress.sty,HISTORICAL,latex,6172,e33c640c66f745bf1b1e9eae8af8f9ed4869584afced693380d4b9a3fa8b4a44,Miguel Alves,2026-06-28,supporting
docs/report/ReadME.md,CURRENT,markdown,0,e3b0c44298fc1c149afbf4c8996fb92427ae41e4649b934ca495991b7852b855,Miguel Alves,2026-06-28,supporting
docs/report/current-state-integration/NatureProtector-Report-Current-State-Supplement.html,CURRENT,html,11717,849c16995a2b14c0d8e84d886b782a7687363f95bb0148f60973f356d9d4e713,Miguel Alves,2026-06-28,supporting
docs/report/current-state-integration/NatureProtector-Report-Current-State-Supplement.pdf,CURRENT,pdf,722217,4aab5bf1db961ef4c59f7df5db7b8b4f51d13b0ae6e256b1c7e861afb88e7ce8,Miguel Alves,2026-06-28,supporting
docs/report/current-state-integration/README.md,CURRENT,markdown,947,2e0979a9fa5340dbd262340c0fce1ed918dcc54445ed6fe6af38d0ed99b01a0b,Miguel Alves,2026-06-28,supporting
docs/report/current-state-integration/current-state-addendum.tex,CURRENT,latex,1422,c7c659532190f189e6f714424f00a341b1b749b8632c5c83f584ebc7a26608f2,Miguel Alves,2026-06-28,supporting
docs/report/current-state-integration/current-state-supplement.md,CURRENT,markdown,6636,2b5974a44667ae318444a47669403f84d483cca7bfcde4ec02dc6b398147f793,Miguel Alves,2026-06-28,supporting
docs/report/current-state-integration/exports/NatureProtector-Report-Current-State-Supplement.html,CURRENT,html,9516,4d266f37d277b9474de412c32ad5ad2a12622d84d78eda13a66ac5a81d5f9280,Miguel Alves,2026-06-28,supporting
docs/report/current-state-integration/exports/NatureProtector-Report-Current-State-Supplement.pdf,CURRENT,pdf,716137,c194c7554cc8bf8a451451886f52ec67f8527bfd0a6bac31237ae9faee3d1560,Miguel Alves,2026-06-28,supporting
docs/report/current-state-integration/report-delta.md,CURRENT,markdown,2348,2d102026160b6933b9f174f6388ea8bd2b603054900b66705e541a88408429e5,Miguel Alves,2026-06-28,supporting
docs/report/database-architecture-evidence-collection.md,CURRENT,markdown,4452,4ae6d8d18dc7b39a39da77b7ad598428ffeb1f94cfbe4c5b9286a7e5f4663d1f,Miguel Alves,2026-06-28,supporting
docs/report/integrated-runtime-evidence-collection.md,CURRENT,markdown,4232,987a4937854a9c7d811aa40e20505efc0391cd2191115f7abccb6ac4cd494752,Miguel Alves,2026-06-28,supporting
docs/report/organization-description/.gitignore,CURRENT,file,93,1701e9a45aa9edc045b45a180b987c0240b2652b846f5e4912114c59d33830bd,Miguel Alves,2026-06-28,supporting
docs/report/organization-description/FrontCover/organizationFrontCover.tex,CURRENT,latex,1136,0f2a00e2e985a66fb1ede39d58327199267675245f5ec115ee2e5163881af2b3,Miguel Alves,2026-06-28,supporting
docs/report/organization-description/README.md,CURRENT,markdown,809,f183bbf47dff3c5e4c8b15b881d1189c52889608a6b3f516195e72e41831b897,Miguel Alves,2026-06-28,supporting
docs/report/organization-description/build-organization-description.ps1,CURRENT,ps1,243,f63653ed15e50a7982de3b56f6470a68e5e4f85b5915e86c2588a4a5ebd49656,Miguel Alves,2026-06-28,supporting
docs/report/organization-description/config/preamble.tex,CURRENT,latex,1580,35f167306ec11160c3c8f8e2938e95576be2eac0b6b3ae7100d22aa65e952998,Miguel Alves,2026-06-28,supporting
docs/report/organization-description/content/01-identification.tex,CURRENT,latex,2957,f017fe9428420ce99b000af2e8f7a096a71753dd9784c46c3e8ccba6060ec195,Miguel Alves,2026-06-28,supporting
docs/report/organization-description/content/02-repository-access.tex,CURRENT,latex,1319,b9fd995dc363cf7925ecfaeb7eb5e3a32e3ff455c565ad57932aa604fe06daf7,Miguel Alves,2026-06-28,supporting
docs/report/organization-description/content/03-repository-overview.tex,CURRENT,latex,3559,773b08aa84231c28d84361e1bc17ce1137c68a3afda26dc58a1ffafde0e82e16,Miguel Alves,2026-06-28,supporting
docs/report/organization-description/content/04-folder-structure.tex,CURRENT,latex,10937,ee620064220cd340fc68d9719b80ab7f98831762d1bf95092c990e952e74cf69,Miguel Alves,2026-06-28,supporting
docs/report/organization-description/content/05-execution-and-validation.tex,CURRENT,latex,3829,e7b3ccbb0ad04c44a90306f9f03e161240575eba075296e69d36494d251c3236,Miguel Alves,2026-06-28,supporting
docs/report/organization-description/evidence/README.md,EVIDENCE,markdown,356,cd8748104bbb24f63e831a45595f11a4002b626afc8eb112286354711393ef5a,Miguel Alves,2026-06-28,supporting
docs/report/organization-description/organization-description.pdf,CURRENT,pdf,371766,0ad446d4c5aee19f098a2422b355f8669e12c71db3de34ed94cd241a8c1b2a61,Miguel Alves,2026-06-28,supporting
docs/report/organization-description/organization-description.tex,CURRENT,latex,413,41715d087cdfa60cdff8c05ff00aaaaad9979882d1a308ab2f66d7d2e2ab5c8b,Miguel Alves,2026-06-28,supporting
docs/report/performance-evidence-collection.md,CURRENT,markdown,4447,abcbfe243ccbb6e2cf470b342760bdbc3ecd853e9b2cf4b21c869a5fa4df36fa,Miguel Alves,2026-06-28,supporting
docs/report/poster/.gitignore,CURRENT,file,69,3f48ea14d4e44e91771548f4a586f588a41d946fddfe65ec26128e573ca13133,Miguel Alves,2026-06-28,supporting
docs/report/poster/README.md,CURRENT,markdown,722,a3575e17de94814fbf79f160d6311c65bd45e0112c5569c6fb90a89b25dda4fd,Miguel Alves,2026-06-28,supporting
docs/report/poster/assets/.gitkeep,CURRENT,file,0,e3b0c44298fc1c149afbf4c8996fb92427ae41e4649b934ca495991b7852b855,Miguel Alves,2026-06-28,supporting
docs/report/poster/assets/architecture-overview.png,CURRENT,visual,130895,1da17254f14d3c06b4b73fd8a52c241b9d2f986ec4136cfbc8120cfaff3a85f9,Miguel Alves,2026-06-28,supporting
docs/report/poster/assets/burned-area.png,CURRENT,visual,76485,460f973e3164068fb271748ab2be742ee7a12b1daa593acc3a8b462ef1e723de,Miguel Alves,2026-06-28,supporting
docs/report/poster/assets/csharp.png,CURRENT,visual,2818,56b973bb82a140f8fe4fc4433263d75b00ed270cec2b62155b6497fae95f3cb9,Miguel Alves,2026-06-28,supporting
docs/report/poster/assets/docker.png,CURRENT,visual,9036,4ced3e20c2806a20b4018a6a60b80ebf4200881178f4b17623b8998780e63c93,Miguel Alves,2026-06-28,supporting
docs/report/poster/assets/dotnet.png,CURRENT,visual,9904,c2e03eb0bac8aba98f8d2686c76e753ef10eec963a9d0817d043e71341fd4fde,Miguel Alves,2026-06-28,supporting
docs/report/poster/assets/flag-portugal.png,CURRENT,visual,2801,4e244b9a4b2198d35929a1964af17baf390a796b077c343705b273397248f8da,Miguel Alves,2026-06-28,supporting
docs/report/poster/assets/grafana.jpg,CURRENT,visual,7106,d3c65b6a32c9a7f55a4a67f3b5caaf17c3a0b61eb971cdc3477f045b4d1b48c5,Miguel Alves,2026-06-28,supporting
docs/report/poster/assets/influxdb.png,CURRENT,visual,10917,249b38fe5f1cc04562e094b162ee0e47e02467d6fa4e2d31ca26af6fc6b665c8,Miguel Alves,2026-06-28,supporting
docs/report/poster/assets/natureprotector-logo.png,CURRENT,visual,157726,933bddbec4fd552d31183439e6d57e0f26c7c18b987baa027c8ba89efa88c283,Miguel Alves,2026-06-28,supporting
docs/report/poster/assets/perigo-incendio.jpeg,CURRENT,visual,314281,99519bc9f7006ff75fc29412a7790dd4ff6a6fd521f1e117004e027ecd7e37b8,Miguel Alves,2026-06-28,supporting
docs/report/poster/assets/postgreSQL.png,CURRENT,visual,167111,b6beac719a18fba01b8869f0e3362cc4759457bf7b161122f2c53c5c894faa53,Miguel Alves,2026-06-28,supporting
docs/report/poster/assets/rabbitmq.png,CURRENT,visual,6684,9ea96829068ea1ae23ce1c529cbff6fc8496f4a65c2c5bcbbaf721b98a0f1f88,Miguel Alves,2026-06-28,supporting
docs/report/poster/assets/react-tsx.png,CURRENT,visual,43894,10b77ca87779dd32026f04e38b4cd738a8fa11f6f6add7b327b8b9aa4c47973e,Miguel Alves,2026-06-28,supporting
docs/report/poster/build-poster.ps1,CURRENT,ps1,150,c6e84ce5f136bdc5ee30801effaa7905c903447b5ad55f992d90f1d533d4b59e,Miguel Alves,2026-06-28,supporting
docs/report/poster/config/poster-style.tex,CURRENT,latex,3098,3be81f0e57b63ddf12e61accce2c69867ba4c50f29b17a42974cdae6de2ab6d5,Miguel Alves,2026-06-28,supporting
docs/report/poster/content/poster-content.tex,CURRENT,latex,4889,85ee4818d700481df4f0b7a7cee855412482488d8197301b5abf21bc991a28b6,Miguel Alves,2026-06-28,supporting
docs/report/poster/figures/README.md,CURRENT,markdown,196,d7bbb686119f8d32ca4c98eb7635f417c99a29bb1c2239d26feccd167ecbb446,Miguel Alves,2026-06-28,supporting
docs/report/poster/poster.pdf,CURRENT,pdf,984760,f82c44bfa4ca572f8a344bbe65d2e5b6a822dd31e713ec515613787ed420e812,Miguel Alves,2026-06-28,supporting
docs/report/poster/poster.tex,CURRENT,latex,612,6c93eed8ea5f1fb09d35841981887e6008140b8d28dab93e64d8f9d3ef3418ff,Miguel Alves,2026-06-28,supporting
docs/report/poster/references/References.bib,CURRENT,latex,106,b6c8b34378f1844104e45914ecebbf0022fb33a299468664b09da43633ff6ec3,Miguel Alves,2026-06-28,supporting
docs/report/reliability-evidence-collection.md,CURRENT,markdown,3964,7c1a9cc5de2d245f001de6e1cf353a223b6419d1f0ad15492661ad7586f2e6d3,Miguel Alves,2026-06-28,supporting
docs/report/report-evidence-campaign.md,CURRENT,markdown,3881,ef556e306616c6420e8341a43069aeb33832118d78c1b38c90c32405bac423c3,Miguel Alves,2026-06-28,supporting
docs/report/report-integration-evidence-collection.md,CURRENT,markdown,1473,1e607d72d0b0e578e40058312b98fca8bba4e8593efd22f615b6f188c2bd338f,Miguel Alves,2026-06-28,supporting
docs/report/test-quality-evidence-collection.md,CURRENT,markdown,4162,0db28200bc68ec206db105d83d8fad9edf3af0c3e1621a7a418e8ac37a217be6,Miguel Alves,2026-06-28,supporting
docs/runtime-developer-control.md,CURRENT,markdown,5865,8c0051a6c3b9c3e5cd855984996679e987f627b9c19198685344636baa24366e,Miguel Alves,2026-06-28,supporting
docs/security/configuration-boundary.md,CURRENT,markdown,1814,1cf7a1d4d0b555c954a92bc70b5d543036d8b6754ae558cb99467ed1dee95c6b,Miguel Alves,2026-06-28,supporting
docs/security/g8-1-edge-runtime-supply-chain.md,CURRENT,markdown,2897,81f6da771fcde54b85b840a46e097dc072916835d48633bd0547b7f3769d5fff,Miguel Alves,2026-06-28,supporting
docs/security/g8-2-chain-of-custody.md,CURRENT,markdown,1681,6b6eb724a93db9e64ff1e576da51e061468b59a80642a773f87be213348af15d,Miguel Alves,2026-06-28,supporting
docs/security/repository-governance.md,CURRENT,markdown,2468,409af939ccc6a90dd475727c645d0bd83c87b95218974200ae894709835b0d74,Miguel Alves,2026-06-28,supporting
docs/setup/local-baseline-setup.md,CURRENT,markdown,23083,f52e1d83a2a088b0a4fded326cf6c7581afe9855860d2d1cd8d4c36f8695f92c,Miguel Alves,2026-06-28,supporting
docs/structurizr/.gitkeep,CURRENT,file,1,01ba4719c80b6fe911b091a7c05124b64eeece964e09c058ef8f9805daca546b,Miguel Alves,2026-06-28,supporting
docs/structurizr/README.md,CURRENT,markdown,7790,bb5644cfd0ca7eb2f1ce6b37249f67adc7579c7d34193c3977df68ebb7a41e36,Miguel Alves,2026-06-28,supporting
docs/structurizr/output/.gitkeep,CURRENT,file,1,01ba4719c80b6fe911b091a7c05124b64eeece964e09c058ef8f9805daca546b,Miguel Alves,2026-06-28,supporting
docs/structurizr/workspace.dsl,CURRENT,model-source,7344,4300bac40a66f47d077a1ff0801a5c4e5cace471d851c4dfcecbb6622af8713b,Miguel Alves,2026-06-28,supporting
docs/study/NatureProtector-Complete-Study-Compendium.md,CURRENT,markdown,50192,d85e0da5c8c834def3054ad4f3eb5f7909c8a72b46228473c20e581d98316127,Miguel Alves,2026-06-28,supporting
docs/study/README.md,CURRENT,markdown,769,03020795a53d78dc9e32b0897edc81e08d031a8b0b6d6f281174e3fc45c52530,Miguel Alves,2026-06-28,supporting
docs/study/exports/NatureProtector-Complete-Study-Compendium.html,CURRENT,html,87389,44e2176c956f144d780170f82b9317c9ec4d6e9d959f886e28a7776384f743b7,Miguel Alves,2026-06-28,supporting
docs/study/exports/NatureProtector-Complete-Study-Compendium.pdf,CURRENT,pdf,1292597,be05573451dd80bc082a485825ef21e2f36ed60eda1ca62259bddf1f47230634,Miguel Alves,2026-06-28,supporting
docs/tutorials/first-guided-run.md,CURRENT,markdown,1114,6bc6caae366c39fc054efc20980e573581ae3c5f04e4361333dd3fc4b2aa5d0d,Miguel Alves,2026-06-28,supporting
