method,route,access,controller,action,source
GET,/api/control/approvals,capability:approval.review,ControlApprovalsController,Pending,src/NatureProtector.Backoffice.Api/Controllers/ControlApprovalsController.cs
POST,/api/control/approvals/{operationId:guid}/decision,capability:approval.review,ControlApprovalsController,Decide,src/NatureProtector.Backoffice.Api/Controllers/ControlApprovalsController.cs
GET,/api/control/areas,anonymous,ControlAreasController,ListAreas,src/NatureProtector.Backoffice.Api/Controllers/ControlAreasController.cs
GET,/api/control/areas/{areaCode},anonymous,ControlAreasController,GetArea,src/NatureProtector.Backoffice.Api/Controllers/ControlAreasController.cs
GET,/api/control/areas/{areaCode}/GeoJSON,anonymous,ControlAreasController,GetAreaGeoJSON,src/NatureProtector.Backoffice.Api/Controllers/ControlAreasController.cs
GET,/api/control/areas/{areaCode}/alerts/active,anonymous,ControlAreasController,ListActiveAlerts,src/NatureProtector.Backoffice.Api/Controllers/ControlAreasController.cs
GET,/api/control/areas/{areaCode}/cells/operational-state,capability:area.read,ControlAreasController,ListCellOperationalStates,src/NatureProtector.Backoffice.Api/Controllers/ControlAreasController.cs
GET,/api/control/areas/{areaCode}/grid-cells,anonymous,ControlAreasController,ListGridCells,src/NatureProtector.Backoffice.Api/Controllers/ControlAreasController.cs
GET,/api/control/areas/{areaCode}/operational-state,capability:area.read,ControlAreasController,GetOperationalState,src/NatureProtector.Backoffice.Api/Controllers/ControlAreasController.cs
GET,/api/control/areas/{areaCode}/scenarios,capability:area.read,ControlAreasController,ListScenarios,src/NatureProtector.Backoffice.Api/Controllers/ControlAreasController.cs
GET,/api/control/areas/{areaCode}/sensor-nodes,anonymous,ControlAreasController,ListSensorNodes,src/NatureProtector.Backoffice.Api/Controllers/ControlAreasController.cs
GET,/api/control/cloud/catalog,capability:cloud.read,ControlCloudOperationsController,Catalog,src/NatureProtector.Backoffice.Api/Controllers/ControlCloudOperationsController.cs
GET,/api/control/cloud/environments,capability:cloud.read,ControlCloudOperationsController,Environments,src/NatureProtector.Backoffice.Api/Controllers/ControlCloudOperationsController.cs
POST,/api/control/cloud/environments/{environment}/operations,capability:cloud.read,ControlCloudOperationsController,Start,src/NatureProtector.Backoffice.Api/Controllers/ControlCloudOperationsController.cs
GET,/api/control/cloud/environments/{environment}/resources,capability:cloud.read,ControlCloudOperationsController,Resources,src/NatureProtector.Backoffice.Api/Controllers/ControlCloudOperationsController.cs
GET,/api/control/cloud/operations,capability:cloud.read,ControlCloudOperationsController,Operations,src/NatureProtector.Backoffice.Api/Controllers/ControlCloudOperationsController.cs
GET,/api/control/configurations,capability:admin.read,ControlConfigurationsController,ListConfigurations,src/NatureProtector.Backoffice.Api/Controllers/ControlConfigurationsController.cs
GET,/api/control/configurations/active,capability:admin.read,ControlConfigurationsController,GetActiveConfiguration,src/NatureProtector.Backoffice.Api/Controllers/ControlConfigurationsController.cs
POST,/api/control/configurations/{versionNumber:int}/activate,capability:admin.execute,ControlConfigurationsController,ActivateConfiguration,src/NatureProtector.Backoffice.Api/Controllers/ControlConfigurationsController.cs
GET,/api/control/deployments,capability:deployment.read,ControlDeploymentsController,List,src/NatureProtector.Backoffice.Api/Controllers/ControlDeploymentsController.cs
GET,/api/control/deployments/catalog,capability:deployment.read,ControlDeploymentsController,Catalog,src/NatureProtector.Backoffice.Api/Controllers/ControlDeploymentsController.cs
POST,/api/control/deployments/{environment}/{deploymentAction},capability:deployment.read,ControlDeploymentsController,Start,src/NatureProtector.Backoffice.Api/Controllers/ControlDeploymentsController.cs
GET,/api/control/evidence/campaigns,capability:evidence.read,ControlEvidenceOperationsController,Campaigns,src/NatureProtector.Backoffice.Api/Controllers/ControlEvidenceOperationsController.cs
POST,/api/control/evidence/campaigns,capability:evidence.read,ControlEvidenceOperationsController,Start,src/NatureProtector.Backoffice.Api/Controllers/ControlEvidenceOperationsController.cs
GET,/api/control/evidence/campaigns/catalog,capability:evidence.read,ControlEvidenceOperationsController,Catalog,src/NatureProtector.Backoffice.Api/Controllers/ControlEvidenceOperationsController.cs
GET,/api/control/evidence/compare,capability:evidence.compare,ControlEvidenceOperationsController,Compare,src/NatureProtector.Backoffice.Api/Controllers/ControlEvidenceOperationsController.cs
GET,/api/control/operations,authenticated,ControlOperationsController,List,src/NatureProtector.Backoffice.Api/Controllers/ControlOperationsController.cs
POST,/api/control/operations,authenticated,ControlOperationsController,Start,src/NatureProtector.Backoffice.Api/Controllers/ControlOperationsController.cs
POST,/api/control/operations/callback,anonymous,ControlOperationsController,Callback,src/NatureProtector.Backoffice.Api/Controllers/ControlOperationsController.cs
GET,/api/control/operations/catalog,authenticated,ControlOperationsController,ListCatalog,src/NatureProtector.Backoffice.Api/Controllers/ControlOperationsController.cs
GET,/api/control/operations/{id:guid},authenticated,ControlOperationsController,Get,src/NatureProtector.Backoffice.Api/Controllers/ControlOperationsController.cs
POST,/api/control/operations/{id:guid}/cancel,authenticated,ControlOperationsController,Cancel,src/NatureProtector.Backoffice.Api/Controllers/ControlOperationsController.cs
GET,/api/control/quality/runs,capability:quality.read,ControlQualityController,Runs,src/NatureProtector.Backoffice.Api/Controllers/ControlQualityController.cs
POST,/api/control/quality/runs,capability:quality.read,ControlQualityController,Start,src/NatureProtector.Backoffice.Api/Controllers/ControlQualityController.cs
GET,/api/control/quality/suites,capability:quality.read,ControlQualityController,Suites,src/NatureProtector.Backoffice.Api/Controllers/ControlQualityController.cs
GET,/api/control/runtime/diagnostics,capability:run.read,ControlRuntimeController,ListDiagnostics,src/NatureProtector.Backoffice.Api/Controllers/ControlRuntimeController.cs
POST,/api/control/runtime/diagnostics/{diagnosticId},capability:run.read,ControlRuntimeController,ExecuteDiagnostic,src/NatureProtector.Backoffice.Api/Controllers/ControlRuntimeController.cs
GET,/api/control/runtime/getTableColumns/{tableName},capability:db.read,ControlRuntimeController,GetTableColumns,src/NatureProtector.Backoffice.Api/Controllers/ControlRuntimeController.cs
GET,/api/control/runtime/getTables,capability:db.read,ControlRuntimeController,GetTables,src/NatureProtector.Backoffice.Api/Controllers/ControlRuntimeController.cs
GET,/api/control/runtime/observability/evidence,capability:run.read,ControlRuntimeObservabilityController,ListEvidence,src/NatureProtector.Backoffice.Api/Controllers/ControlRuntimeObservabilityController.cs
GET,/api/control/runtime/observability/evidence/{evidenceId},capability:run.read,ControlRuntimeObservabilityController,GetEvidenceContent,src/NatureProtector.Backoffice.Api/Controllers/ControlRuntimeObservabilityController.cs
GET,/api/control/runtime/observability/health,capability:run.read,ControlRuntimeObservabilityController,GetOperationalHealth,src/NatureProtector.Backoffice.Api/Controllers/ControlRuntimeObservabilityController.cs
GET,/api/control/runtime/observability/rabbitmq,capability:run.read,ControlRuntimeObservabilityController,GetRabbitMqMetrics,src/NatureProtector.Backoffice.Api/Controllers/ControlRuntimeObservabilityController.cs
GET,/api/control/runtime/operations/by-request/{requestId:guid},capability:run.read,ControlRuntimeController,GetOperationByRequest,src/NatureProtector.Backoffice.Api/Controllers/ControlRuntimeController.cs
GET,/api/control/runtime/operations/current,capability:run.read,ControlRuntimeController,GetCurrentOperation,src/NatureProtector.Backoffice.Api/Controllers/ControlRuntimeController.cs
GET,/api/control/runtime/operations/{operationId:guid},capability:run.read,ControlRuntimeController,GetOperation,src/NatureProtector.Backoffice.Api/Controllers/ControlRuntimeController.cs
POST,/api/control/runtime/query,capability:db.read,ControlRuntimeController,QueryDB,src/NatureProtector.Backoffice.Api/Controllers/ControlRuntimeController.cs
POST,/api/control/runtime/reset,capability:simulation.execute,ControlRuntimeController,ResetRuntimeState,src/NatureProtector.Backoffice.Api/Controllers/ControlRuntimeController.cs
POST,/api/control/runtime/runs,capability:simulation.execute,ControlRuntimeController,StartRun,src/NatureProtector.Backoffice.Api/Controllers/ControlRuntimeController.cs
GET,/api/control/runtime/runs/latest,capability:run.read,ControlRuntimeController,GetLatestRun,src/NatureProtector.Backoffice.Api/Controllers/ControlRuntimeController.cs
GET,/api/control/runtime/runs/{runId:guid},capability:run.read,ControlRuntimeController,GetRun,src/NatureProtector.Backoffice.Api/Controllers/ControlRuntimeController.cs
GET,/api/control/runtime/runs/{runId:guid}/audit,capability:run.read,ControlRuntimeController,GetRunAudit,src/NatureProtector.Backoffice.Api/Controllers/ControlRuntimeController.cs
GET,/api/control/runtime/runs/{runId:guid}/operation,capability:run.read,ControlRuntimeController,GetRunOperation,src/NatureProtector.Backoffice.Api/Controllers/ControlRuntimeController.cs
GET,/api/control/runtime/runs/{runId:guid}/timings,capability:run.read,ControlRuntimeController,GetRunTimings,src/NatureProtector.Backoffice.Api/Controllers/ControlRuntimeController.cs
GET,/api/control/runtime/summary,capability:run.read,ControlRuntimeController,GetSummary,src/NatureProtector.Backoffice.Api/Controllers/ControlRuntimeController.cs
GET,/api/control/simulation-runs,capability:simulation.read,ControlSimulationRunsController,ListSimulationRuns,src/NatureProtector.Backoffice.Api/Controllers/ControlSimulationRunsController.cs
GET,/api/control/simulation-runs/{runId:guid},capability:simulation.read,ControlSimulationRunsController,GetSimulationRun,src/NatureProtector.Backoffice.Api/Controllers/ControlSimulationRunsController.cs
GET,/api/dev/controlled-validation/p3,capability:p3.read,DevControlledValidationController,GetP3Availability,src/NatureProtector.Backoffice.Api/Controllers/DevControlledValidationController.cs
POST,/api/dev/controlled-validation/p3/run,capability:simulation.execute,DevControlledValidationController,RunP3,src/NatureProtector.Backoffice.Api/Controllers/DevControlledValidationController.cs
POST,/api/users-roles/login,anonymous,UserAndRolesController,LoginAsync,src/NatureProtector.Backoffice.Api/Controllers/UserAndRolesController.cs
POST,/api/users-roles/logout,authenticated,UserAndRolesController,LogoutAsync,src/NatureProtector.Backoffice.Api/Controllers/UserAndRolesController.cs
GET,/api/users-roles/me,authenticated,UserAndRolesController,GetCurrentUserAsync,src/NatureProtector.Backoffice.Api/Controllers/UserAndRolesController.cs
GET,/api/users-roles/me/capabilities,authenticated,UserAndRolesController,GetCurrentCapabilities,src/NatureProtector.Backoffice.Api/Controllers/UserAndRolesController.cs
GET,/api/users-roles/roles,capability:roles.manage,UserAndRolesController,ListRolesAsync,src/NatureProtector.Backoffice.Api/Controllers/UserAndRolesController.cs
POST,/api/users-roles/roles,role:Admin,UserAndRolesController,CreateRoleAsync,src/NatureProtector.Backoffice.Api/Controllers/UserAndRolesController.cs
DELETE,/api/users-roles/roles/{roleId},role:Admin,UserAndRolesController,DeleteRoleAsync,src/NatureProtector.Backoffice.Api/Controllers/UserAndRolesController.cs
GET,/api/users-roles/roles/{roleId},role:Admin,UserAndRolesController,GetRoleAsync,src/NatureProtector.Backoffice.Api/Controllers/UserAndRolesController.cs
PUT,/api/users-roles/roles/{roleId},role:Admin,UserAndRolesController,UpdateRoleAsync,src/NatureProtector.Backoffice.Api/Controllers/UserAndRolesController.cs
GET,/api/users-roles/roles/{roleId}/users,role:Admin,UserAndRolesController,GetUsersInRoleAsync,src/NatureProtector.Backoffice.Api/Controllers/UserAndRolesController.cs
GET,/api/users-roles/users,capability:users.manage,UserAndRolesController,ListUsersAsync,src/NatureProtector.Backoffice.Api/Controllers/UserAndRolesController.cs
POST,/api/users-roles/users,role:Admin,UserAndRolesController,CreateUserAsync,src/NatureProtector.Backoffice.Api/Controllers/UserAndRolesController.cs
DELETE,/api/users-roles/users/{userId:guid},role:Admin,UserAndRolesController,DeleteUserAsync,src/NatureProtector.Backoffice.Api/Controllers/UserAndRolesController.cs
GET,/api/users-roles/users/{userId:guid},role:Admin,UserAndRolesController,GetUserAsync,src/NatureProtector.Backoffice.Api/Controllers/UserAndRolesController.cs
PUT,/api/users-roles/users/{userId:guid},role:Admin,UserAndRolesController,UpdateUserAsync,src/NatureProtector.Backoffice.Api/Controllers/UserAndRolesController.cs
GET,/api/users-roles/users/{userId:guid}/roles,authenticated,UserAndRolesController,GetRolesForUserAsync,src/NatureProtector.Backoffice.Api/Controllers/UserAndRolesController.cs
DELETE,/api/users-roles/users/{userId:guid}/roles/{roleId},role:Admin,UserAndRolesController,RemoveRoleFromUserAsync,src/NatureProtector.Backoffice.Api/Controllers/UserAndRolesController.cs
GET,/api/users-roles/users/{userId:guid}/roles/{roleId},authenticated,UserAndRolesController,CheckUserRoleAsync,src/NatureProtector.Backoffice.Api/Controllers/UserAndRolesController.cs
PUT,/api/users-roles/users/{userId:guid}/roles/{roleId},role:Admin,UserAndRolesController,AddRoleToUserAsync,src/NatureProtector.Backoffice.Api/Controllers/UserAndRolesController.cs
