area_id,observation_time,station_id,station_name,distance_km,temperature_c,humidity_pct,wind_speed_ms,wind_speed_kmh,wind_direction_id,precip_accumulated_mm,pressure_hpa,radiation_wm2,source_dataset
proenca-a-nova,2026-04-04 15:00:00,1210806,"Proença-a-Nova, P.Moitas",1.0836885982346467,25.3,28.0,3.1,11.2,5,0.0,,2726.8,ipma_open_data_recent_obs
proenca-a-nova,2026-04-04 15:00:00,6214119,Pedrógão Grande (CMPG),32.791022073466564,25.5,25.0,2.6,9.4,6,0.0,1021.2,,ipma_open_data_recent_obs
proenca-a-nova,2026-04-04 15:00:00,1210812,Alvega,34.46411898340831,28.8,21.0,1.4,5.0,6,0.0,,,ipma_open_data_recent_obs
proenca-a-nova,2026-04-04 15:00:00,1200570,Castelo Branco,34.95401627821955,24.9,32.0,1.5,5.4,9,0.0,1020.1,2789.4,ipma_open_data_recent_obs
proenca-a-nova,2026-04-04 15:00:00,1210686,"Pampilhosa da Serra, Fajão",45.63823282147154,23.4,29.0,2.8,10.1,4,0.0,,,ipma_open_data_recent_obs
proenca-a-nova,2026-04-04 15:00:00,1210724,"Tomar, Valdonas",46.44760771523416,27.7,28.0,1.3,4.7,6,0.0,,2767.8,ipma_open_data_recent_obs
proenca-a-nova,2026-04-04 15:00:00,1210716,Ansião,49.93443905019327,26.8,26.0,2.8,10.1,6,0.0,,2869.9,ipma_open_data_recent_obs
proenca-a-nova,2026-04-04 15:00:00,1210698,Fundão,51.60033384206315,25.0,24.0,2.1,7.6,5,0.0,,2766.4,ipma_open_data_recent_obs
proenca-a-nova,2026-04-04 15:00:00,6213614,Góis / Quinta da Ribeira (CIM),52.55701700481932,,,2.2,7.9,6,,,,ipma_open_data_recent_obs
proenca-a-nova,2026-04-04 15:00:00,1210697,Lousã (Aeródromo),55.9434639704205,28.3,33.0,3.0,10.8,7,0.0,,,ipma_open_data_recent_obs
proenca-a-nova,2026-04-04 15:00:00,6213611,Arganil / Aeródromo (CIM),60.40092637629518,27.5,27.0,2.0,7.2,7,0.0,,,ipma_open_data_recent_obs
proenca-a-nova,2026-04-04 15:00:00,6210817,Ponte de Sôr / Aeródromo,60.51620668399888,26.9,29.0,2.1,7.6,4,,1020.7,,ipma_open_data_recent_obs
proenca-a-nova,2026-04-04 15:00:00,1200571,Portalegre,61.81984947600854,23.9,25.0,1.5,5.4,5,0.0,1020.6,,ipma_open_data_recent_obs
proenca-a-nova,2026-04-04 15:00:00,6213619,Vila Nova de Poiares (CIM),62.03265805001196,28.2,22.0,3.6,13.0,7,0.0,,,ipma_open_data_recent_obs
proenca-a-nova,2026-04-04 15:00:00,1210687,Covilhã (Aeródromo),66.5454304967463,24.4,29.0,3.6,13.0,5,,,2720.4,ipma_open_data_recent_obs
proenca-a-nova,2026-04-04 15:00:00,6213617,Penacova / Hombres (CIM),66.98679640068855,,29.0,2.8,10.1,6,0.0,,,ipma_open_data_recent_obs
proenca-a-nova,2026-04-04 15:00:00,1210735,Chamusca / Chouto,67.20047361898695,26.2,30.0,2.7,9.7,5,0.0,1021.0,,ipma_open_data_recent_obs
proenca-a-nova,2026-04-04 15:00:00,1200548,Coimbra (Aeródromo),69.39909839557372,26.9,24.0,2.8,10.1,6,0.0,1020.5,2776.8,ipma_open_data_recent_obs
proenca-a-nova,2026-04-04 15:00:00,1210824,"Avis, Benavila",70.87226078107915,27.2,23.0,1.5,5.4,4,0.0,,2629.5,ipma_open_data_recent_obs
proenca-a-nova,2026-04-04 15:00:00,1210803,Zebreira,73.26086361851652,25.2,26.0,1.8,6.5,6,0.0,,2901.3,ipma_open_data_recent_obs
proenca-a-nova,2026-04-04 15:00:00,1210707,"Coimbra, Bencanta",73.51929564118201,28.1,27.0,3.1,11.2,6,0.0,,2628.8,ipma_open_data_recent_obs
proenca-a-nova,2026-04-04 15:00:00,6213620,Oliveira do Hospital (CIM),74.95747343161239,26.4,23.0,3.4,12.2,6,0.0,,,ipma_open_data_recent_obs
proenca-a-nova,2026-04-04 15:00:00,1200568,Penhas Douradas,78.91557963274721,18.3,36.0,1.8,6.5,8,,,2735.4,ipma_open_data_recent_obs
proenca-a-nova,2026-04-04 15:00:00,1210690,Aldeia Souto (Q. Lageosa),79.13409544476254,25.1,25.0,1.6,5.8,6,0.0,,2800.3,ipma_open_data_recent_obs
proenca-a-nova,2026-04-04 15:00:00,6213613,Coimbra / Mata de São Pedro (CIM),79.31530981985148,25.8,28.0,2.5,9.0,6,,,,ipma_open_data_recent_obs
proenca-a-nova,2026-04-04 16:00:00,1210806,"Proença-a-Nova, P.Moitas",1.0836885982346467,25.5,29.0,2.3,8.3,6,0.0,,2394.7,ipma_open_data_recent_obs
proenca-a-nova,2026-04-04 16:00:00,6214119,Pedrógão Grande (CMPG),32.791022073466564,25.7,25.0,2.1,7.6,6,0.0,1020.8,,ipma_open_data_recent_obs
proenca-a-nova,2026-04-04 16:00:00,1210812,Alvega,34.46411898340831,28.6,21.0,2.2,7.9,5,0.0,,,ipma_open_data_recent_obs
proenca-a-nova,2026-04-04 16:00:00,1200570,Castelo Branco,34.95401627821955,25.3,31.0,1.9,6.8,4,0.0,1019.6,2263.5,ipma_open_data_recent_obs
proenca-a-nova,2026-04-04 16:00:00,1210686,"Pampilhosa da Serra, Fajão",45.63823282147154,23.4,29.0,3.2,11.5,4,0.0,,,ipma_open_data_recent_obs
proenca-a-nova,2026-04-04 16:00:00,1210724,"Tomar, Valdonas",46.44760771523416,27.6,28.0,1.4,5.0,8,0.0,,2261.8,ipma_open_data_recent_obs
proenca-a-nova,2026-04-04 16:00:00,1210716,Ansião,49.93443905019327,26.2,28.0,2.8,10.1,7,0.0,,2043.9,ipma_open_data_recent_obs
proenca-a-nova,2026-04-04 16:00:00,1210698,Fundão,51.60033384206315,25.3,25.0,1.4,5.0,5,0.0,,2300.1,ipma_open_data_recent_obs
proenca-a-nova,2026-04-04 16:00:00,6213614,Góis / Quinta da Ribeira (CIM),52.55701700481932,,,1.1,4.0,5,,,,ipma_open_data_recent_obs
proenca-a-nova,2026-04-04 16:00:00,1210697,Lousã (Aeródromo),55.9434639704205,28.1,34.0,3.0,10.8,7,0.0,,,ipma_open_data_recent_obs
proenca-a-nova,2026-04-04 16:00:00,6213611,Arganil / Aeródromo (CIM),60.40092637629518,27.7,27.0,2.9,10.4,7,0.0,,,ipma_open_data_recent_obs
proenca-a-nova,2026-04-04 16:00:00,6210817,Ponte de Sôr / Aeródromo,60.51620668399888,27.1,26.0,1.2,4.3,8,,1020.2,,ipma_open_data_recent_obs
proenca-a-nova,2026-04-04 16:00:00,1200571,Portalegre,61.81984947600854,24.2,26.0,0.9,3.2,5,0.0,1020.0,4265.0,ipma_open_data_recent_obs
proenca-a-nova,2026-04-04 16:00:00,6213619,Vila Nova de Poiares (CIM),62.03265805001196,28.3,21.0,3.0,10.8,6,0.0,,,ipma_open_data_recent_obs
proenca-a-nova,2026-04-04 16:00:00,1210687,Covilhã (Aeródromo),66.5454304967463,24.6,27.0,3.3,11.9,5,,,2221.4,ipma_open_data_recent_obs
proenca-a-nova,2026-04-04 16:00:00,6213617,Penacova / Hombres (CIM),66.98679640068855,,29.0,3.3,11.9,7,0.0,,,ipma_open_data_recent_obs
proenca-a-nova,2026-04-04 16:00:00,1210735,Chamusca / Chouto,67.20047361898695,26.6,28.0,0.9,3.2,5,0.0,1020.5,,ipma_open_data_recent_obs
proenca-a-nova,2026-04-04 16:00:00,1200548,Coimbra (Aeródromo),69.39909839557372,25.3,34.0,3.2,11.5,7,0.0,1020.3,2258.3,ipma_open_data_recent_obs
proenca-a-nova,2026-04-04 16:00:00,1210824,"Avis, Benavila",70.87226078107915,27.2,24.0,0.7,2.5,9,0.0,,2355.2,ipma_open_data_recent_obs
proenca-a-nova,2026-04-04 16:00:00,1210803,Zebreira,73.26086361851652,25.3,27.0,1.4,5.0,3,0.0,,2321.0,ipma_open_data_recent_obs
proenca-a-nova,2026-04-04 16:00:00,1210707,"Coimbra, Bencanta",73.51929564118201,26.7,37.0,4.3,15.5,7,0.0,,2170.0,ipma_open_data_recent_obs
proenca-a-nova,2026-04-04 16:00:00,6213620,Oliveira do Hospital (CIM),74.95747343161239,26.3,24.0,2.9,10.4,7,0.0,,,ipma_open_data_recent_obs
proenca-a-nova,2026-04-04 16:00:00,1200568,Penhas Douradas,78.91557963274721,18.3,35.0,1.5,5.4,1,,,2217.4,ipma_open_data_recent_obs
proenca-a-nova,2026-04-04 16:00:00,1210690,Aldeia Souto (Q. Lageosa),79.13409544476254,25.2,24.0,1.9,6.8,5,0.0,,2300.3,ipma_open_data_recent_obs
proenca-a-nova,2026-04-04 16:00:00,6213613,Coimbra / Mata de São Pedro (CIM),79.31530981985148,24.8,33.0,3.3,11.9,8,,,,ipma_open_data_recent_obs
proenca-a-nova,2026-04-04 17:00:00,1210806,"Proença-a-Nova, P.Moitas",1.0836885982346467,25.3,28.0,1.4,5.0,5,0.0,,1643.9,ipma_open_data_recent_obs
proenca-a-nova,2026-04-04 17:00:00,6214119,Pedrógão Grande (CMPG),32.791022073466564,25.1,28.0,2.3,8.3,7,0.0,1020.6,,ipma_open_data_recent_obs
proenca-a-nova,2026-04-04 17:00:00,1210812,Alvega,34.46411898340831,27.7,23.0,0.6,2.2,7,0.0,,,ipma_open_data_recent_obs
proenca-a-nova,2026-04-04 17:00:00,1200570,Castelo Branco,34.95401627821955,25.0,31.0,1.3,4.7,9,0.0,1019.3,1592.0,ipma_open_data_recent_obs
proenca-a-nova,2026-04-04 17:00:00,1210686,"Pampilhosa da Serra, Fajão",45.63823282147154,23.4,30.0,3.3,11.9,7,0.0,,,ipma_open_data_recent_obs
proenca-a-nova,2026-04-04 17:00:00,1210724,"Tomar, Valdonas",46.44760771523416,27.3,31.0,1.2,4.3,7,0.0,,1606.9,ipma_open_data_recent_obs
proenca-a-nova,2026-04-04 17:00:00,1210716,Ansião,49.93443905019327,25.6,30.0,4.4,15.8,7,0.0,,1618.3,ipma_open_data_recent_obs
proenca-a-nova,2026-04-04 17:00:00,1210698,Fundão,51.60033384206315,26.2,24.0,1.6,5.8,5,0.0,,668.1,ipma_open_data_recent_obs
proenca-a-nova,2026-04-04 17:00:00,6213614,Góis / Quinta da Ribeira (CIM),52.55701700481932,,,2.2,7.9,6,,,,ipma_open_data_recent_obs
proenca-a-nova,2026-04-04 17:00:00,1210697,Lousã (Aeródromo),55.9434639704205,26.5,40.0,2.3,8.3,8,0.0,,,ipma_open_data_recent_obs
proenca-a-nova,2026-04-04 17:00:00,6213611,Arganil / Aeródromo (CIM),60.40092637629518,27.4,29.0,3.8,13.7,7,0.0,,,ipma_open_data_recent_obs
proenca-a-nova,2026-04-04 17:00:00,6210817,Ponte de Sôr / Aeródromo,60.51620668399888,27.2,26.0,1.8,6.5,8,,1019.8,,ipma_open_data_recent_obs
proenca-a-nova,2026-04-04 17:00:00,1200571,Portalegre,61.81984947600854,24.1,26.0,2.6,9.4,7,0.0,1019.8,2924.8,ipma_open_data_recent_obs
proenca-a-nova,2026-04-04 17:00:00,6213619,Vila Nova de Poiares (CIM),62.03265805001196,26.7,30.0,4.6,16.6,8,0.0,,,ipma_open_data_recent_obs
proenca-a-nova,2026-04-04 17:00:00,1210687,Covilhã (Aeródromo),66.5454304967463,24.5,28.0,3.1,11.2,5,,,1548.8,ipma_open_data_recent_obs
proenca-a-nova,2026-04-04 17:00:00,6213617,Penacova / Hombres (CIM),66.98679640068855,,35.0,3.7,13.3,8,0.0,,,ipma_open_data_recent_obs
proenca-a-nova,2026-04-04 17:00:00,1210735,Chamusca / Chouto,67.20047361898695,27.1,27.0,0.0,0.0,0,0.0,1020.0,,ipma_open_data_recent_obs
proenca-a-nova,2026-04-04 17:00:00,1200548,Coimbra (Aeródromo),69.39909839557372,24.0,36.0,3.8,13.7,7,0.0,1020.5,1600.6,ipma_open_data_recent_obs
proenca-a-nova,2026-04-04 17:00:00,1210824,"Avis, Benavila",70.87226078107915,26.9,24.0,1.2,4.3,9,0.0,,1796.2,ipma_open_data_recent_obs
proenca-a-nova,2026-04-04 17:00:00,1210803,Zebreira,73.26086361851652,25.6,26.0,0.6,2.2,3,0.0,,1609.2,ipma_open_data_recent_obs
proenca-a-nova,2026-04-04 17:00:00,1210707,"Coimbra, Bencanta",73.51929564118201,25.3,39.0,3.5,12.6,7,0.0,,1601.8,ipma_open_data_recent_obs
proenca-a-nova,2026-04-04 17:00:00,6213620,Oliveira do Hospital (CIM),74.95747343161239,25.9,26.0,3.7,13.3,7,0.0,,,ipma_open_data_recent_obs
proenca-a-nova,2026-04-04 17:00:00,1200568,Penhas Douradas,78.91557963274721,17.8,37.0,1.4,5.0,2,,,1603.2,ipma_open_data_recent_obs
proenca-a-nova,2026-04-04 17:00:00,1210690,Aldeia Souto (Q. Lageosa),79.13409544476254,25.3,25.0,1.5,5.4,6,0.0,,1665.9,ipma_open_data_recent_obs
proenca-a-nova,2026-04-04 17:00:00,6213613,Coimbra / Mata de São Pedro (CIM),79.31530981985148,22.8,39.0,2.2,7.9,8,,,,ipma_open_data_recent_obs
proenca-a-nova,2026-04-04 18:00:00,1210806,"Proença-a-Nova, P.Moitas",1.0836885982346467,25.1,28.0,1.4,5.0,6,0.0,,866.5,ipma_open_data_recent_obs
proenca-a-nova,2026-04-04 18:00:00,6214119,Pedrógão Grande (CMPG),32.791022073466564,24.4,31.0,3.5,12.6,8,0.0,1020.6,,ipma_open_data_recent_obs
proenca-a-nova,2026-04-04 18:00:00,1210812,Alvega,34.46411898340831,27.0,25.0,0.8,2.9,8,0.0,,,ipma_open_data_recent_obs
proenca-a-nova,2026-04-04 18:00:00,1200570,Castelo Branco,34.95401627821955,24.8,33.0,0.8,2.9,7,0.0,1019.2,839.2,ipma_open_data_recent_obs
proenca-a-nova,2026-04-04 18:00:00,1210686,"Pampilhosa da Serra, Fajão",45.63823282147154,22.9,30.0,3.4,12.2,6,0.0,,,ipma_open_data_recent_obs
proenca-a-nova,2026-04-04 18:00:00,1210724,"Tomar, Valdonas",46.44760771523416,25.3,38.0,4.8,17.3,8,0.0,,882.0,ipma_open_data_recent_obs
proenca-a-nova,2026-04-04 18:00:00,1210716,Ansião,49.93443905019327,22.8,36.0,3.0,10.8,8,0.0,,901.9,ipma_open_data_recent_obs
proenca-a-nova,2026-04-04 18:00:00,1210698,Fundão,51.60033384206315,25.4,25.0,1.3,4.7,6,0.0,,906.8,ipma_open_data_recent_obs
proenca-a-nova,2026-04-04 18:00:00,6213614,Góis / Quinta da Ribeira (CIM),52.55701700481932,,,3.4,12.2,6,,,,ipma_open_data_recent_obs
proenca-a-nova,2026-04-04 18:00:00,1210697,Lousã (Aeródromo),55.9434639704205,24.9,44.0,1.8,6.5,7,0.0,,,ipma_open_data_recent_obs
proenca-a-nova,2026-04-04 18:00:00,6213611,Arganil / Aeródromo (CIM),60.40092637629518,24.5,39.0,3.4,12.2,7,0.0,,,ipma_open_data_recent_obs
proenca-a-nova,2026-04-04 18:00:00,1200571,Portalegre,61.81984947600854,23.4,27.0,1.2,4.3,6,0.0,1020.0,1539.7,ipma_open_data_recent_obs
proenca-a-nova,2026-04-04 18:00:00,6213619,Vila Nova de Poiares (CIM),62.03265805001196,25.2,32.0,2.8,10.1,7,0.0,,,ipma_open_data_recent_obs
proenca-a-nova,2026-04-04 18:00:00,1210687,Covilhã (Aeródromo),66.5454304967463,23.7,30.0,1.5,5.4,4,,,821.8,ipma_open_data_recent_obs
proenca-a-nova,2026-04-04 18:00:00,6213617,Penacova / Hombres (CIM),66.98679640068855,,38.0,1.0,3.6,7,0.0,,,ipma_open_data_recent_obs
proenca-a-nova,2026-04-04 18:00:00,1210735,Chamusca / Chouto,67.20047361898695,27.5,26.0,2.6,9.4,7,0.0,1019.9,,ipma_open_data_recent_obs
proenca-a-nova,2026-04-04 18:00:00,1200548,Coimbra (Aeródromo),69.39909839557372,23.0,42.0,3.3,11.9,8,0.0,1020.7,878.4,ipma_open_data_recent_obs
proenca-a-nova,2026-04-04 18:00:00,1210824,"Avis, Benavila",70.87226078107915,26.1,28.0,1.3,4.7,1,0.0,,1028.3,ipma_open_data_recent_obs
proenca-a-nova,2026-04-04 18:00:00,1210803,Zebreira,73.26086361851652,24.9,28.0,1.0,3.6,9,0.0,,748.7,ipma_open_data_recent_obs
proenca-a-nova,2026-04-04 18:00:00,1210707,"Coimbra, Bencanta",73.51929564118201,24.2,41.0,2.9,10.4,7,0.0,,900.0,ipma_open_data_recent_obs
proenca-a-nova,2026-04-04 18:00:00,6213620,Oliveira do Hospital (CIM),74.95747343161239,24.3,33.0,5.1,18.4,7,0.0,,,ipma_open_data_recent_obs
proenca-a-nova,2026-04-04 18:00:00,1200568,Penhas Douradas,78.91557963274721,16.7,41.0,2.4,8.6,8,,,833.6,ipma_open_data_recent_obs
proenca-a-nova,2026-04-04 18:00:00,1210690,Aldeia Souto (Q. Lageosa),79.13409544476254,24.5,27.0,0.9,3.2,5,0.0,,755.1,ipma_open_data_recent_obs
proenca-a-nova,2026-04-04 18:00:00,6213613,Coimbra / Mata de São Pedro (CIM),79.31530981985148,21.3,41.0,2.1,7.6,8,,,,ipma_open_data_recent_obs
proenca-a-nova,2026-04-04 19:00:00,1210806,"Proença-a-Nova, P.Moitas",1.0836885982346467,23.1,33.0,1.4,5.0,6,0.0,,188.4,ipma_open_data_recent_obs
proenca-a-nova,2026-04-04 19:00:00,6214119,Pedrógão Grande (CMPG),32.791022073466564,21.3,38.0,1.1,4.0,8,0.0,1021.2,,ipma_open_data_recent_obs
proenca-a-nova,2026-04-04 19:00:00,1210812,Alvega,34.46411898340831,24.2,39.0,0.6,2.2,4,0.0,,,ipma_open_data_recent_obs
proenca-a-nova,2026-04-04 19:00:00,1200570,Castelo Branco,34.95401627821955,23.4,37.0,0.5,1.8,5,0.0,1019.4,71.1,ipma_open_data_recent_obs
proenca-a-nova,2026-04-04 19:00:00,1210686,"Pampilhosa da Serra, Fajão",45.63823282147154,21.5,38.0,3.5,12.6,7,0.0,,,ipma_open_data_recent_obs
proenca-a-nova,2026-04-04 19:00:00,1210724,"Tomar, Valdonas",46.44760771523416,21.6,46.0,2.1,7.6,9,0.0,,143.6,ipma_open_data_recent_obs
proenca-a-nova,2026-04-04 19:00:00,1210716,Ansião,49.93443905019327,20.6,40.0,2.9,10.4,8,0.0,,218.3,ipma_open_data_recent_obs
proenca-a-nova,2026-04-04 19:00:00,1210698,Fundão,51.60033384206315,23.4,28.0,1.6,5.8,6,0.0,,212.4,ipma_open_data_recent_obs
proenca-a-nova,2026-04-04 19:00:00,6213614,Góis / Quinta da Ribeira (CIM),52.55701700481932,,,2.8,10.1,6,,,,ipma_open_data_recent_obs
proenca-a-nova,2026-04-04 19:00:00,1210697,Lousã (Aeródromo),55.9434639704205,22.8,47.0,2.0,7.2,7,0.0,,,ipma_open_data_recent_obs
proenca-a-nova,2026-04-04 19:00:00,6213611,Arganil / Aeródromo (CIM),60.40092637629518,22.6,43.0,1.2,4.3,7,0.0,,,ipma_open_data_recent_obs
proenca-a-nova,2026-04-04 19:00:00,1200571,Portalegre,61.81984947600854,22.1,29.0,1.3,4.7,6,0.0,1020.3,286.9,ipma_open_data_recent_obs
proenca-a-nova,2026-04-04 19:00:00,6213619,Vila Nova de Poiares (CIM),62.03265805001196,23.4,37.0,2.8,10.1,6,0.0,,,ipma_open_data_recent_obs
proenca-a-nova,2026-04-04 19:00:00,1210687,Covilhã (Aeródromo),66.5454304967463,21.9,35.0,0.8,2.9,9,,,110.8,ipma_open_data_recent_obs
proenca-a-nova,2026-04-04 19:00:00,6213617,Penacova / Hombres (CIM),66.98679640068855,,41.0,2.2,7.9,8,0.0,,,ipma_open_data_recent_obs
proenca-a-nova,2026-04-04 19:00:00,1210735,Chamusca / Chouto,67.20047361898695,24.1,36.0,3.3,11.9,8,0.0,1020.2,,ipma_open_data_recent_obs
proenca-a-nova,2026-04-04 19:00:00,1200548,Coimbra (Aeródromo),69.39909839557372,20.1,45.0,2.5,9.0,8,0.0,1021.3,212.9,ipma_open_data_recent_obs
proenca-a-nova,2026-04-04 19:00:00,1210824,"Avis, Benavila",70.87226078107915,24.4,33.0,0.5,1.8,2,0.0,,236.1,ipma_open_data_recent_obs
proenca-a-nova,2026-04-04 19:00:00,1210803,Zebreira,73.26086361851652,23.1,33.0,1.0,3.6,2,0.0,,122.4,ipma_open_data_recent_obs
proenca-a-nova,2026-04-04 19:00:00,1210707,"Coimbra, Bencanta",73.51929564118201,22.0,45.0,2.2,7.9,7,0.0,,202.4,ipma_open_data_recent_obs
proenca-a-nova,2026-04-04 19:00:00,6213620,Oliveira do Hospital (CIM),74.95747343161239,21.8,41.0,2.1,7.6,6,0.0,,,ipma_open_data_recent_obs
proenca-a-nova,2026-04-04 19:00:00,1200568,Penhas Douradas,78.91557963274721,14.5,52.0,5.7,20.5,7,,,167.4,ipma_open_data_recent_obs
proenca-a-nova,2026-04-04 19:00:00,1210690,Aldeia Souto (Q. Lageosa),79.13409544476254,19.5,37.0,1.5,5.4,7,0.0,,57.7,ipma_open_data_recent_obs
proenca-a-nova,2026-04-04 19:00:00,6213613,Coimbra / Mata de São Pedro (CIM),79.31530981985148,19.1,46.0,1.7,6.1,7,,,,ipma_open_data_recent_obs
proenca-a-nova,2026-04-04 20:00:00,1210806,"Proença-a-Nova, P.Moitas",1.0836885982346467,20.8,42.0,3.0,10.8,8,0.0,,0.0,ipma_open_data_recent_obs
proenca-a-nova,2026-04-04 20:00:00,6214119,Pedrógão Grande (CMPG),32.791022073466564,18.6,44.0,1.4,5.0,8,0.0,1021.9,,ipma_open_data_recent_obs
proenca-a-nova,2026-04-04 20:00:00,1210812,Alvega,34.46411898340831,19.6,53.0,1.7,6.1,5,0.0,,,ipma_open_data_recent_obs
proenca-a-nova,2026-04-04 20:00:00,1200570,Castelo Branco,34.95401627821955,21.9,39.0,1.1,4.0,6,0.0,1019.7,0.0,ipma_open_data_recent_obs
proenca-a-nova,2026-04-04 20:00:00,1210686,"Pampilhosa da Serra, Fajão",45.63823282147154,17.9,51.0,3.2,11.5,7,0.0,,,ipma_open_data_recent_obs
proenca-a-nova,2026-04-04 20:00:00,1210724,"Tomar, Valdonas",46.44760771523416,19.2,52.0,2.0,7.2,9,0.0,,0.8,ipma_open_data_recent_obs
proenca-a-nova,2026-04-04 20:00:00,1210716,Ansião,49.93443905019327,17.4,50.0,2.5,9.0,8,0.0,,0.0,ipma_open_data_recent_obs
proenca-a-nova,2026-04-04 20:00:00,1210698,Fundão,51.60033384206315,20.4,39.0,2.3,8.3,7,0.0,,0.2,ipma_open_data_recent_obs
proenca-a-nova,2026-04-04 20:00:00,6213614,Góis / Quinta da Ribeira (CIM),52.55701700481932,,,1.0,3.6,1,,,,ipma_open_data_recent_obs
proenca-a-nova,2026-04-04 20:00:00,1210697,Lousã (Aeródromo),55.9434639704205,20.3,53.0,1.4,5.0,5,0.0,,,ipma_open_data_recent_obs
proenca-a-nova,2026-04-04 20:00:00,6213611,Arganil / Aeródromo (CIM),60.40092637629518,18.6,56.0,0.3,1.1,6,0.0,,,ipma_open_data_recent_obs
proenca-a-nova,2026-04-04 20:00:00,1200571,Portalegre,61.81984947600854,20.3,33.0,1.6,5.8,8,0.0,1020.9,0.0,ipma_open_data_recent_obs
proenca-a-nova,2026-04-04 20:00:00,6213619,Vila Nova de Poiares (CIM),62.03265805001196,20.3,46.0,1.1,4.0,3,0.0,,,ipma_open_data_recent_obs
proenca-a-nova,2026-04-04 20:00:00,1210687,Covilhã (Aeródromo),66.5454304967463,19.0,43.0,2.1,7.6,1,,,0.0,ipma_open_data_recent_obs
proenca-a-nova,2026-04-04 20:00:00,6213617,Penacova / Hombres (CIM),66.98679640068855,,48.0,0.6,2.2,4,0.0,,,ipma_open_data_recent_obs
proenca-a-nova,2026-04-04 20:00:00,1210735,Chamusca / Chouto,67.20047361898695,21.4,44.0,2.8,10.1,8,0.0,1020.6,,ipma_open_data_recent_obs
proenca-a-nova,2026-04-04 20:00:00,1200548,Coimbra (Aeródromo),69.39909839557372,17.4,49.0,0.9,3.2,7,0.0,1021.8,0.2,ipma_open_data_recent_obs
proenca-a-nova,2026-04-04 20:00:00,1210824,"Avis, Benavila",70.87226078107915,21.1,54.0,0.7,2.5,2,0.0,,0.0,ipma_open_data_recent_obs
proenca-a-nova,2026-04-04 20:00:00,1210803,Zebreira,73.26086361851652,21.9,31.0,1.2,4.3,4,0.0,,0.0,ipma_open_data_recent_obs
proenca-a-nova,2026-04-04 20:00:00,1210707,"Coimbra, Bencanta",73.51929564118201,19.3,49.0,1.1,4.0,7,0.0,,0.5,ipma_open_data_recent_obs
proenca-a-nova,2026-04-04 20:00:00,6213620,Oliveira do Hospital (CIM),74.95747343161239,18.8,49.0,2.1,7.6,7,0.0,,,ipma_open_data_recent_obs
proenca-a-nova,2026-04-04 20:00:00,1200568,Penhas Douradas,78.91557963274721,12.6,57.0,5.7,20.5,7,,,0.1,ipma_open_data_recent_obs
proenca-a-nova,2026-04-04 20:00:00,1210690,Aldeia Souto (Q. Lageosa),79.13409544476254,16.8,44.0,0.7,2.5,8,0.0,,0.3,ipma_open_data_recent_obs
proenca-a-nova,2026-04-04 20:00:00,6213613,Coimbra / Mata de São Pedro (CIM),79.31530981985148,16.2,53.0,1.4,5.0,8,,,,ipma_open_data_recent_obs
proenca-a-nova,2026-04-04 21:00:00,1210806,"Proença-a-Nova, P.Moitas",1.0836885982346467,19.6,47.0,3.4,12.2,8,0.0,,0.0,ipma_open_data_recent_obs
proenca-a-nova,2026-04-04 21:00:00,6214119,Pedrógão Grande (CMPG),32.791022073466564,17.5,45.0,2.2,7.9,2,0.0,1022.7,,ipma_open_data_recent_obs
proenca-a-nova,2026-04-04 21:00:00,1210812,Alvega,34.46411898340831,16.6,65.0,0.6,2.2,4,0.0,,,ipma_open_data_recent_obs
proenca-a-nova,2026-04-04 21:00:00,1200570,Castelo Branco,34.95401627821955,19.4,45.0,2.4,8.6,7,0.0,1020.6,0.0,ipma_open_data_recent_obs
proenca-a-nova,2026-04-04 21:00:00,1210686,"Pampilhosa da Serra, Fajão",45.63823282147154,15.0,56.0,1.5,5.4,8,0.0,,,ipma_open_data_recent_obs
proenca-a-nova,2026-04-04 21:00:00,1210724,"Tomar, Valdonas",46.44760771523416,17.1,60.0,1.8,6.5,8,0.0,,0.0,ipma_open_data_recent_obs
proenca-a-nova,2026-04-04 21:00:00,1210716,Ansião,49.93443905019327,15.3,56.0,2.1,7.6,2,0.0,,0.0,ipma_open_data_recent_obs
proenca-a-nova,2026-04-04 21:00:00,1210698,Fundão,51.60033384206315,19.8,41.0,2.9,10.4,6,0.0,,0.0,ipma_open_data_recent_obs
proenca-a-nova,2026-04-04 21:00:00,6213614,Góis / Quinta da Ribeira (CIM),52.55701700481932,,,1.0,3.6,2,,,,ipma_open_data_recent_obs
proenca-a-nova,2026-04-04 21:00:00,1210697,Lousã (Aeródromo),55.9434639704205,18.9,56.0,0.6,2.2,8,0.0,,,ipma_open_data_recent_obs
proenca-a-nova,2026-04-04 21:00:00,6213611,Arganil / Aeródromo (CIM),60.40092637629518,15.2,71.0,0.9,3.2,1,0.0,,,ipma_open_data_recent_obs
proenca-a-nova,2026-04-04 21:00:00,1200571,Portalegre,61.81984947600854,19.7,33.0,1.7,6.1,8,0.0,1021.4,0.0,ipma_open_data_recent_obs
proenca-a-nova,2026-04-04 21:00:00,6213619,Vila Nova de Poiares (CIM),62.03265805001196,16.8,61.0,1.4,5.0,2,0.0,,,ipma_open_data_recent_obs
proenca-a-nova,2026-04-04 21:00:00,1210687,Covilhã (Aeródromo),66.5454304967463,17.5,49.0,0.8,2.9,8,,,0.0,ipma_open_data_recent_obs
proenca-a-nova,2026-04-04 21:00:00,6213617,Penacova / Hombres (CIM),66.98679640068855,,58.0,0.4,1.4,5,0.0,,,ipma_open_data_recent_obs
proenca-a-nova,2026-04-04 21:00:00,1210735,Chamusca / Chouto,67.20047361898695,19.5,48.0,2.6,9.4,8,0.0,1021.4,,ipma_open_data_recent_obs
proenca-a-nova,2026-04-04 21:00:00,1200548,Coimbra (Aeródromo),69.39909839557372,16.3,54.0,0.5,1.8,8,0.0,1022.4,0.0,ipma_open_data_recent_obs
proenca-a-nova,2026-04-04 21:00:00,1210824,"Avis, Benavila",70.87226078107915,18.6,64.0,2.3,8.3,8,0.0,,0.0,ipma_open_data_recent_obs
proenca-a-nova,2026-04-04 21:00:00,1210803,Zebreira,73.26086361851652,21.3,33.0,2.0,7.2,4,0.0,,0.0,ipma_open_data_recent_obs
proenca-a-nova,2026-04-04 21:00:00,1210707,"Coimbra, Bencanta",73.51929564118201,15.9,66.0,0.0,0.0,0,0.0,,0.0,ipma_open_data_recent_obs
proenca-a-nova,2026-04-04 21:00:00,6213620,Oliveira do Hospital (CIM),74.95747343161239,15.0,63.0,1.4,5.0,2,0.0,,,ipma_open_data_recent_obs
proenca-a-nova,2026-04-04 21:00:00,1200568,Penhas Douradas,78.91557963274721,12.2,55.0,3.6,13.0,7,,,0.0,ipma_open_data_recent_obs
proenca-a-nova,2026-04-04 21:00:00,1210690,Aldeia Souto (Q. Lageosa),79.13409544476254,15.7,52.0,0.7,2.5,6,0.0,,0.2,ipma_open_data_recent_obs
proenca-a-nova,2026-04-04 21:00:00,6213613,Coimbra / Mata de São Pedro (CIM),79.31530981985148,14.1,58.0,1.3,4.7,3,,,,ipma_open_data_recent_obs
proenca-a-nova,2026-04-04 22:00:00,1210806,"Proença-a-Nova, P.Moitas",1.0836885982346467,19.1,47.0,2.7,9.7,8,0.0,,0.0,ipma_open_data_recent_obs
proenca-a-nova,2026-04-04 22:00:00,6214119,Pedrógão Grande (CMPG),32.791022073466564,15.6,57.0,2.8,10.1,2,0.0,1023.3,,ipma_open_data_recent_obs
proenca-a-nova,2026-04-04 22:00:00,1210812,Alvega,34.46411898340831,13.4,79.0,0.3,1.1,7,0.0,,,ipma_open_data_recent_obs
proenca-a-nova,2026-04-04 22:00:00,1200570,Castelo Branco,34.95401627821955,17.8,52.0,2.2,7.9,7,0.0,1021.2,0.0,ipma_open_data_recent_obs
proenca-a-nova,2026-04-04 22:00:00,1210686,"Pampilhosa da Serra, Fajão",45.63823282147154,14.3,58.0,1.4,5.0,1,0.0,,,ipma_open_data_recent_obs
proenca-a-nova,2026-04-04 22:00:00,1210724,"Tomar, Valdonas",46.44760771523416,15.5,66.0,1.5,5.4,9,0.0,,0.0,ipma_open_data_recent_obs
proenca-a-nova,2026-04-04 22:00:00,1210716,Ansião,49.93443905019327,15.8,55.0,1.9,6.8,2,0.0,,0.0,ipma_open_data_recent_obs
proenca-a-nova,2026-04-04 22:00:00,1210698,Fundão,51.60033384206315,19.2,42.0,2.4,8.6,7,0.0,,0.0,ipma_open_data_recent_obs
proenca-a-nova,2026-04-04 22:00:00,6213614,Góis / Quinta da Ribeira (CIM),52.55701700481932,,,0.5,1.8,1,,,,ipma_open_data_recent_obs
proenca-a-nova,2026-04-04 22:00:00,1210697,Lousã (Aeródromo),55.9434639704205,17.1,63.0,1.7,6.1,4,0.0,,,ipma_open_data_recent_obs
proenca-a-nova,2026-04-04 22:00:00,6213611,Arganil / Aeródromo (CIM),60.40092637629518,12.6,81.0,0.4,1.4,2,0.0,,,ipma_open_data_recent_obs
proenca-a-nova,2026-04-04 22:00:00,6210817,Ponte de Sôr / Aeródromo,60.51620668399888,,,0.4,1.4,4,,,,ipma_open_data_recent_obs
proenca-a-nova,2026-04-04 22:00:00,1200571,Portalegre,61.81984947600854,19.6,34.0,2.4,8.6,1,0.0,1021.7,0.0,ipma_open_data_recent_obs
proenca-a-nova,2026-04-04 22:00:00,6213619,Vila Nova de Poiares (CIM),62.03265805001196,13.8,74.0,0.9,3.2,1,0.0,,,ipma_open_data_recent_obs
proenca-a-nova,2026-04-04 22:00:00,1210687,Covilhã (Aeródromo),66.5454304967463,16.3,52.0,0.5,1.8,8,,,0.0,ipma_open_data_recent_obs
proenca-a-nova,2026-04-04 22:00:00,6213617,Penacova / Hombres (CIM),66.98679640068855,,74.0,1.0,3.6,4,0.0,,,ipma_open_data_recent_obs
proenca-a-nova,2026-04-04 22:00:00,1210735,Chamusca / Chouto,67.20047361898695,17.9,53.0,1.6,5.8,9,0.0,1021.9,,ipma_open_data_recent_obs
proenca-a-nova,2026-04-04 22:00:00,1200548,Coimbra (Aeródromo),69.39909839557372,15.0,59.0,0.9,3.2,4,0.0,1022.6,0.0,ipma_open_data_recent_obs
proenca-a-nova,2026-04-04 22:00:00,1210824,"Avis, Benavila",70.87226078107915,18.8,55.0,1.5,5.4,0,0.0,,0.0,ipma_open_data_recent_obs
proenca-a-nova,2026-04-04 22:00:00,1210803,Zebreira,73.26086361851652,21.2,34.0,1.4,5.0,4,0.0,,0.0,ipma_open_data_recent_obs
proenca-a-nova,2026-04-04 22:00:00,1210707,"Coimbra, Bencanta",73.51929564118201,13.0,79.0,0.0,0.0,0,0.0,,0.0,ipma_open_data_recent_obs
proenca-a-nova,2026-04-04 22:00:00,6213620,Oliveira do Hospital (CIM),74.95747343161239,12.3,74.0,2.5,9.0,3,0.0,,,ipma_open_data_recent_obs
proenca-a-nova,2026-04-04 22:00:00,1200568,Penhas Douradas,78.91557963274721,12.0,53.0,2.9,10.4,7,,,0.0,ipma_open_data_recent_obs
proenca-a-nova,2026-04-04 22:00:00,1210690,Aldeia Souto (Q. Lageosa),79.13409544476254,13.8,59.0,0.5,1.8,8,0.0,,0.0,ipma_open_data_recent_obs
proenca-a-nova,2026-04-04 22:00:00,6213613,Coimbra / Mata de São Pedro (CIM),79.31530981985148,13.3,62.0,0.7,2.5,2,,,,ipma_open_data_recent_obs
proenca-a-nova,2026-04-04 23:00:00,1210806,"Proença-a-Nova, P.Moitas",1.0836885982346467,18.7,47.0,0.6,2.2,1,0.0,,0.0,ipma_open_data_recent_obs
proenca-a-nova,2026-04-04 23:00:00,6214119,Pedrógão Grande (CMPG),32.791022073466564,14.0,62.0,3.1,11.2,2,0.0,1023.7,,ipma_open_data_recent_obs
proenca-a-nova,2026-04-04 23:00:00,1210812,Alvega,34.46411898340831,11.4,88.0,0.1,0.4,2,0.0,,,ipma_open_data_recent_obs
proenca-a-nova,2026-04-04 23:00:00,1200570,Castelo Branco,34.95401627821955,17.6,55.0,1.4,5.0,7,0.0,1021.4,0.0,ipma_open_data_recent_obs
proenca-a-nova,2026-04-04 23:00:00,1210686,"Pampilhosa da Serra, Fajão",45.63823282147154,14.3,57.0,1.9,6.8,2,0.0,,,ipma_open_data_recent_obs
proenca-a-nova,2026-04-04 23:00:00,1210724,"Tomar, Valdonas",46.44760771523416,13.5,75.0,0.6,2.2,9,0.0,,0.0,ipma_open_data_recent_obs
proenca-a-nova,2026-04-04 23:00:00,1210716,Ansião,49.93443905019327,15.6,56.0,2.1,7.6,2,0.0,,0.0,ipma_open_data_recent_obs
proenca-a-nova,2026-04-04 23:00:00,1210698,Fundão,51.60033384206315,17.8,46.0,1.0,3.6,4,0.0,,0.0,ipma_open_data_recent_obs
proenca-a-nova,2026-04-04 23:00:00,6213614,Góis / Quinta da Ribeira (CIM),52.55701700481932,,,1.5,5.4,2,,,,ipma_open_data_recent_obs
proenca-a-nova,2026-04-04 23:00:00,1210697,Lousã (Aeródromo),55.9434639704205,15.5,69.0,1.6,5.8,3,0.0,,,ipma_open_data_recent_obs
proenca-a-nova,2026-04-04 23:00:00,6213611,Arganil / Aeródromo (CIM),60.40092637629518,11.3,86.0,1.0,3.6,2,0.0,,,ipma_open_data_recent_obs
proenca-a-nova,2026-04-04 23:00:00,6210817,Ponte de Sôr / Aeródromo,60.51620668399888,14.3,74.0,0.2,0.7,1,,1021.7,,ipma_open_data_recent_obs
proenca-a-nova,2026-04-04 23:00:00,1200571,Portalegre,61.81984947600854,20.1,32.0,2.7,9.7,1,0.0,1021.6,0.0,ipma_open_data_recent_obs
proenca-a-nova,2026-04-04 23:00:00,6213619,Vila Nova de Poiares (CIM),62.03265805001196,12.2,79.0,0.4,1.4,7,0.0,,,ipma_open_data_recent_obs
proenca-a-nova,2026-04-04 23:00:00,1210687,Covilhã (Aeródromo),66.5454304967463,15.5,57.0,1.2,4.3,1,,,0.0,ipma_open_data_recent_obs
proenca-a-nova,2026-04-04 23:00:00,6213617,Penacova / Hombres (CIM),66.98679640068855,,83.0,0.5,1.8,3,0.0,,,ipma_open_data_recent_obs
proenca-a-nova,2026-04-04 23:00:00,1210735,Chamusca / Chouto,67.20047361898695,13.8,72.0,1.0,3.6,9,0.0,1022.2,,ipma_open_data_recent_obs
proenca-a-nova,2026-04-04 23:00:00,1200548,Coimbra (Aeródromo),69.39909839557372,14.6,59.0,1.1,4.0,9,0.0,1022.8,0.0,ipma_open_data_recent_obs
proenca-a-nova,2026-04-04 23:00:00,1210824,"Avis, Benavila",70.87226078107915,17.3,62.0,0.5,1.8,2,0.0,,0.0,ipma_open_data_recent_obs
proenca-a-nova,2026-04-04 23:00:00,1210803,Zebreira,73.26086361851652,17.9,43.0,1.1,4.0,8,0.0,,0.0,ipma_open_data_recent_obs
proenca-a-nova,2026-04-04 23:00:00,1210707,"Coimbra, Bencanta",73.51929564118201,11.9,86.0,0.0,0.0,0,0.0,,0.3,ipma_open_data_recent_obs
proenca-a-nova,2026-04-04 23:00:00,6213620,Oliveira do Hospital (CIM),74.95747343161239,10.6,80.0,2.2,7.9,3,0.0,,,ipma_open_data_recent_obs
proenca-a-nova,2026-04-04 23:00:00,1200568,Penhas Douradas,78.91557963274721,11.4,57.0,1.2,4.3,6,,,0.0,ipma_open_data_recent_obs
proenca-a-nova,2026-04-04 23:00:00,1210690,Aldeia Souto (Q. Lageosa),79.13409544476254,12.7,63.0,0.3,1.1,8,0.0,,0.0,ipma_open_data_recent_obs
proenca-a-nova,2026-04-04 23:00:00,6213613,Coimbra / Mata de São Pedro (CIM),79.31530981985148,13.4,60.0,1.3,4.7,8,,,,ipma_open_data_recent_obs
proenca-a-nova,2026-04-05 00:00:00,1210806,"Proença-a-Nova, P.Moitas",1.0836885982346467,17.8,49.0,1.0,3.6,9,0.0,,0.0,ipma_open_data_recent_obs
proenca-a-nova,2026-04-05 00:00:00,6214119,Pedrógão Grande (CMPG),32.791022073466564,12.7,66.0,3.1,11.2,2,0.0,1024.0,,ipma_open_data_recent_obs
proenca-a-nova,2026-04-05 00:00:00,1210812,Alvega,34.46411898340831,10.3,91.0,0.1,0.4,3,0.0,,,ipma_open_data_recent_obs
proenca-a-nova,2026-04-05 00:00:00,1200570,Castelo Branco,34.95401627821955,17.2,56.0,1.9,6.8,7,0.0,1021.5,0.0,ipma_open_data_recent_obs
proenca-a-nova,2026-04-05 00:00:00,1210686,"Pampilhosa da Serra, Fajão",45.63823282147154,14.4,56.0,1.6,5.8,1,0.0,,,ipma_open_data_recent_obs
proenca-a-nova,2026-04-05 00:00:00,1210724,"Tomar, Valdonas",46.44760771523416,12.9,77.0,1.3,4.7,0,0.0,,0.0,ipma_open_data_recent_obs
proenca-a-nova,2026-04-05 00:00:00,1210716,Ansião,49.93443905019327,15.6,53.0,2.6,9.4,2,0.0,,0.0,ipma_open_data_recent_obs
proenca-a-nova,2026-04-05 00:00:00,1210698,Fundão,51.60033384206315,15.8,53.0,0.6,2.2,2,0.0,,0.1,ipma_open_data_recent_obs
proenca-a-nova,2026-04-05 00:00:00,6213614,Góis / Quinta da Ribeira (CIM),52.55701700481932,,,1.8,6.5,2,,,,ipma_open_data_recent_obs
proenca-a-nova,2026-04-05 00:00:00,1210697,Lousã (Aeródromo),55.9434639704205,14.4,74.0,2.0,7.2,3,0.0,,,ipma_open_data_recent_obs
proenca-a-nova,2026-04-05 00:00:00,6213611,Arganil / Aeródromo (CIM),60.40092637629518,10.2,89.0,0.6,2.2,4,0.0,,,ipma_open_data_recent_obs
proenca-a-nova,2026-04-05 00:00:00,6210817,Ponte de Sôr / Aeródromo,60.51620668399888,12.3,81.0,1.4,5.0,2,,1022.0,,ipma_open_data_recent_obs
proenca-a-nova,2026-04-05 00:00:00,1200571,Portalegre,61.81984947600854,19.8,33.0,2.3,8.3,2,0.0,1021.7,0.0,ipma_open_data_recent_obs
proenca-a-nova,2026-04-05 00:00:00,6213619,Vila Nova de Poiares (CIM),62.03265805001196,10.8,84.0,0.2,0.7,5,0.0,,,ipma_open_data_recent_obs
proenca-a-nova,2026-04-05 00:00:00,1210687,Covilhã (Aeródromo),66.5454304967463,14.3,62.0,1.1,4.0,2,,,0.0,ipma_open_data_recent_obs
proenca-a-nova,2026-04-05 00:00:00,6213617,Penacova / Hombres (CIM),66.98679640068855,,88.0,1.1,4.0,5,0.0,,,ipma_open_data_recent_obs
proenca-a-nova,2026-04-05 00:00:00,1210735,Chamusca / Chouto,67.20047361898695,11.9,79.0,1.5,5.4,9,0.0,1022.3,,ipma_open_data_recent_obs
proenca-a-nova,2026-04-05 00:00:00,1200548,Coimbra (Aeródromo),69.39909839557372,13.6,63.0,0.8,2.9,8,0.0,1023.0,0.0,ipma_open_data_recent_obs
proenca-a-nova,2026-04-05 00:00:00,1210824,"Avis, Benavila",70.87226078107915,15.8,71.0,0.5,1.8,6,0.0,,0.0,ipma_open_data_recent_obs
proenca-a-nova,2026-04-05 00:00:00,1210803,Zebreira,73.26086361851652,18.4,40.0,1.7,6.1,2,0.0,,0.0,ipma_open_data_recent_obs
proenca-a-nova,2026-04-05 00:00:00,1210707,"Coimbra, Bencanta",73.51929564118201,11.0,91.0,0.5,1.8,8,0.0,,0.0,ipma_open_data_recent_obs
proenca-a-nova,2026-04-05 00:00:00,6213620,Oliveira do Hospital (CIM),74.95747343161239,9.5,84.0,1.9,6.8,2,0.0,,,ipma_open_data_recent_obs
proenca-a-nova,2026-04-05 00:00:00,1200568,Penhas Douradas,78.91557963274721,11.6,58.0,2.3,8.3,6,,,0.0,ipma_open_data_recent_obs
proenca-a-nova,2026-04-05 00:00:00,1210690,Aldeia Souto (Q. Lageosa),79.13409544476254,11.6,67.0,0.6,2.2,8,0.0,,0.0,ipma_open_data_recent_obs
proenca-a-nova,2026-04-05 00:00:00,6213613,Coimbra / Mata de São Pedro (CIM),79.31530981985148,12.5,64.0,2.2,7.9,8,,,,ipma_open_data_recent_obs
proenca-a-nova,2026-04-05 01:00:00,1210806,"Proença-a-Nova, P.Moitas",1.0836885982346467,17.5,48.0,1.1,4.0,9,0.0,,0.0,ipma_open_data_recent_obs
proenca-a-nova,2026-04-05 01:00:00,6214119,Pedrógão Grande (CMPG),32.791022073466564,12.2,68.0,3.7,13.3,3,0.0,1023.8,,ipma_open_data_recent_obs
proenca-a-nova,2026-04-05 01:00:00,1210812,Alvega,34.46411898340831,9.4,95.0,0.1,0.4,5,0.0,,,ipma_open_data_recent_obs
proenca-a-nova,2026-04-05 01:00:00,1200570,Castelo Branco,34.95401627821955,16.7,58.0,1.3,4.7,7,0.0,1021.5,0.0,ipma_open_data_recent_obs
proenca-a-nova,2026-04-05 01:00:00,1210686,"Pampilhosa da Serra, Fajão",45.63823282147154,14.7,51.0,1.9,6.8,9,0.0,,,ipma_open_data_recent_obs
proenca-a-nova,2026-04-05 01:00:00,1210724,"Tomar, Valdonas",46.44760771523416,12.3,78.0,1.2,4.3,1,0.0,,0.0,ipma_open_data_recent_obs
proenca-a-nova,2026-04-05 01:00:00,1210716,Ansião,49.93443905019327,15.2,55.0,2.9,10.4,2,0.0,,0.0,ipma_open_data_recent_obs
proenca-a-nova,2026-04-05 01:00:00,1210698,Fundão,51.60033384206315,14.6,58.0,0.8,2.9,8,0.0,,0.3,ipma_open_data_recent_obs
proenca-a-nova,2026-04-05 01:00:00,6213614,Góis / Quinta da Ribeira (CIM),52.55701700481932,,,2.2,7.9,2,,,,ipma_open_data_recent_obs
proenca-a-nova,2026-04-05 01:00:00,1210697,Lousã (Aeródromo),55.9434639704205,13.3,77.0,1.3,4.7,9,0.0,,,ipma_open_data_recent_obs
proenca-a-nova,2026-04-05 01:00:00,6213611,Arganil / Aeródromo (CIM),60.40092637629518,9.3,92.0,1.2,4.3,2,0.0,,,ipma_open_data_recent_obs
proenca-a-nova,2026-04-05 01:00:00,6210817,Ponte de Sôr / Aeródromo,60.51620668399888,11.7,83.0,1.4,5.0,1,,1021.9,,ipma_open_data_recent_obs
proenca-a-nova,2026-04-05 01:00:00,1200571,Portalegre,61.81984947600854,19.4,34.0,3.6,13.0,2,0.0,1021.7,0.0,ipma_open_data_recent_obs
proenca-a-nova,2026-04-05 01:00:00,6213619,Vila Nova de Poiares (CIM),62.03265805001196,10.0,87.0,0.2,0.7,5,0.0,,,ipma_open_data_recent_obs
proenca-a-nova,2026-04-05 01:00:00,1210687,Covilhã (Aeródromo),66.5454304967463,13.0,67.0,0.9,3.2,1,,,0.0,ipma_open_data_recent_obs
proenca-a-nova,2026-04-05 01:00:00,6213617,Penacova / Hombres (CIM),66.98679640068855,,93.0,0.7,2.5,4,0.0,,,ipma_open_data_recent_obs
proenca-a-nova,2026-04-05 01:00:00,1210735,Chamusca / Chouto,67.20047361898695,10.9,83.0,2.6,9.4,9,0.0,1022.2,,ipma_open_data_recent_obs
proenca-a-nova,2026-04-05 01:00:00,1200548,Coimbra (Aeródromo),69.39909839557372,12.3,71.0,1.0,3.6,1,0.0,1022.9,0.0,ipma_open_data_recent_obs
proenca-a-nova,2026-04-05 01:00:00,1210824,"Avis, Benavila",70.87226078107915,14.2,85.0,0.0,0.0,0,0.0,,0.0,ipma_open_data_recent_obs
proenca-a-nova,2026-04-05 01:00:00,1210803,Zebreira,73.26086361851652,18.7,39.0,1.1,4.0,4,0.0,,0.0,ipma_open_data_recent_obs
proenca-a-nova,2026-04-05 01:00:00,1210707,"Coimbra, Bencanta",73.51929564118201,10.5,95.0,0.0,0.0,0,0.0,,0.0,ipma_open_data_recent_obs
proenca-a-nova,2026-04-05 01:00:00,6213620,Oliveira do Hospital (CIM),74.95747343161239,8.9,85.0,2.7,9.7,3,0.0,,,ipma_open_data_recent_obs
proenca-a-nova,2026-04-05 01:00:00,1200568,Penhas Douradas,78.91557963274721,11.3,55.0,1.7,6.1,5,,,0.0,ipma_open_data_recent_obs
proenca-a-nova,2026-04-05 01:00:00,1210690,Aldeia Souto (Q. Lageosa),79.13409544476254,10.7,70.0,0.4,1.4,8,0.0,,0.0,ipma_open_data_recent_obs
proenca-a-nova,2026-04-05 01:00:00,6213613,Coimbra / Mata de São Pedro (CIM),79.31530981985148,11.3,70.0,0.4,1.4,2,,,,ipma_open_data_recent_obs
proenca-a-nova,2026-04-05 02:00:00,1210806,"Proença-a-Nova, P.Moitas",1.0836885982346467,17.2,47.0,1.4,5.0,9,0.0,,0.0,ipma_open_data_recent_obs
proenca-a-nova,2026-04-05 02:00:00,6214119,Pedrógão Grande (CMPG),32.791022073466564,11.9,70.0,4.0,14.4,3,0.0,1023.6,,ipma_open_data_recent_obs
proenca-a-nova,2026-04-05 02:00:00,1210812,Alvega,34.46411898340831,8.6,97.0,0.4,1.4,5,0.0,,,ipma_open_data_recent_obs
proenca-a-nova,2026-04-05 02:00:00,1200570,Castelo Branco,34.95401627821955,15.6,62.0,0.5,1.8,9,0.0,1021.6,0.0,ipma_open_data_recent_obs
proenca-a-nova,2026-04-05 02:00:00,1210686,"Pampilhosa da Serra, Fajão",45.63823282147154,14.7,47.0,1.4,5.0,9,0.0,,,ipma_open_data_recent_obs
proenca-a-nova,2026-04-05 02:00:00,1210724,"Tomar, Valdonas",46.44760771523416,10.6,85.0,0.4,1.4,1,0.0,,0.0,ipma_open_data_recent_obs
proenca-a-nova,2026-04-05 02:00:00,1210716,Ansião,49.93443905019327,14.5,58.0,3.2,11.5,3,0.0,,0.0,ipma_open_data_recent_obs
proenca-a-nova,2026-04-05 02:00:00,1210698,Fundão,51.60033384206315,13.5,63.0,1.3,4.7,7,0.0,,0.0,ipma_open_data_recent_obs
proenca-a-nova,2026-04-05 02:00:00,6213614,Góis / Quinta da Ribeira (CIM),52.55701700481932,,,2.2,7.9,2,,,,ipma_open_data_recent_obs
proenca-a-nova,2026-04-05 02:00:00,1210697,Lousã (Aeródromo),55.9434639704205,12.6,81.0,1.5,5.4,2,0.0,,,ipma_open_data_recent_obs
proenca-a-nova,2026-04-05 02:00:00,6213611,Arganil / Aeródromo (CIM),60.40092637629518,8.7,95.0,0.6,2.2,6,0.0,,,ipma_open_data_recent_obs
proenca-a-nova,2026-04-05 02:00:00,6210817,Ponte de Sôr / Aeródromo,60.51620668399888,10.9,86.0,2.0,7.2,1,,1021.7,,ipma_open_data_recent_obs
proenca-a-nova,2026-04-05 02:00:00,1200571,Portalegre,61.81984947600854,19.3,33.0,3.0,10.8,2,0.0,1021.4,0.0,ipma_open_data_recent_obs
proenca-a-nova,2026-04-05 02:00:00,6213619,Vila Nova de Poiares (CIM),62.03265805001196,9.1,89.0,0.3,1.1,5,0.0,,,ipma_open_data_recent_obs
proenca-a-nova,2026-04-05 02:00:00,1210687,Covilhã (Aeródromo),66.5454304967463,11.9,71.0,0.9,3.2,3,,,0.0,ipma_open_data_recent_obs
proenca-a-nova,2026-04-05 02:00:00,6213617,Penacova / Hombres (CIM),66.98679640068855,,96.0,0.7,2.5,4,0.0,,,ipma_open_data_recent_obs
proenca-a-nova,2026-04-05 02:00:00,1210735,Chamusca / Chouto,67.20047361898695,10.0,86.0,2.5,9.0,9,0.0,1021.9,,ipma_open_data_recent_obs
proenca-a-nova,2026-04-05 02:00:00,1200548,Coimbra (Aeródromo),69.39909839557372,11.4,78.0,2.2,7.9,3,0.0,1022.6,0.0,ipma_open_data_recent_obs
proenca-a-nova,2026-04-05 02:00:00,1210824,"Avis, Benavila",70.87226078107915,13.1,93.0,0.0,0.0,0,0.0,,0.0,ipma_open_data_recent_obs
proenca-a-nova,2026-04-05 02:00:00,1210803,Zebreira,73.26086361851652,16.8,47.0,2.6,9.4,3,0.0,,0.0,ipma_open_data_recent_obs
proenca-a-nova,2026-04-05 02:00:00,1210707,"Coimbra, Bencanta",73.51929564118201,9.6,100.0,0.0,0.0,0,0.0,,0.1,ipma_open_data_recent_obs
proenca-a-nova,2026-04-05 02:00:00,6213620,Oliveira do Hospital (CIM),74.95747343161239,8.3,87.0,1.7,6.1,3,0.0,,,ipma_open_data_recent_obs
proenca-a-nova,2026-04-05 02:00:00,1200568,Penhas Douradas,78.91557963274721,10.6,53.0,1.6,5.8,7,,,0.0,ipma_open_data_recent_obs
proenca-a-nova,2026-04-05 02:00:00,1210690,Aldeia Souto (Q. Lageosa),79.13409544476254,9.3,75.0,0.3,1.1,7,0.0,,0.0,ipma_open_data_recent_obs
proenca-a-nova,2026-04-05 02:00:00,6213613,Coimbra / Mata de São Pedro (CIM),79.31530981985148,11.7,66.0,1.8,6.5,3,,,,ipma_open_data_recent_obs
proenca-a-nova,2026-04-05 03:00:00,1210806,"Proença-a-Nova, P.Moitas",1.0836885982346467,17.2,46.0,1.4,5.0,2,0.0,,0.0,ipma_open_data_recent_obs
proenca-a-nova,2026-04-05 03:00:00,6214119,Pedrógão Grande (CMPG),32.791022073466564,11.5,71.0,4.2,15.1,3,0.0,1023.1,,ipma_open_data_recent_obs
proenca-a-nova,2026-04-05 03:00:00,1210812,Alvega,34.46411898340831,8.0,98.0,0.4,1.4,6,0.0,,,ipma_open_data_recent_obs
proenca-a-nova,2026-04-05 03:00:00,1200570,Castelo Branco,34.95401627821955,15.6,60.0,1.2,4.3,2,0.0,1021.1,0.0,ipma_open_data_recent_obs
proenca-a-nova,2026-04-05 03:00:00,1210686,"Pampilhosa da Serra, Fajão",45.63823282147154,14.5,47.0,1.3,4.7,2,0.0,,,ipma_open_data_recent_obs
proenca-a-nova,2026-04-05 03:00:00,1210724,"Tomar, Valdonas",46.44760771523416,9.3,91.0,0.9,3.2,0,0.0,,0.0,ipma_open_data_recent_obs
proenca-a-nova,2026-04-05 03:00:00,1210716,Ansião,49.93443905019327,14.6,56.0,2.5,9.0,2,0.0,,0.0,ipma_open_data_recent_obs
proenca-a-nova,2026-04-05 03:00:00,1210698,Fundão,51.60033384206315,12.8,65.0,1.9,6.8,8,0.0,,0.0,ipma_open_data_recent_obs
proenca-a-nova,2026-04-05 03:00:00,6213614,Góis / Quinta da Ribeira (CIM),52.55701700481932,,,1.5,5.4,2,,,,ipma_open_data_recent_obs
proenca-a-nova,2026-04-05 03:00:00,1210697,Lousã (Aeródromo),55.9434639704205,11.8,84.0,1.1,4.0,8,0.0,,,ipma_open_data_recent_obs
proenca-a-nova,2026-04-05 03:00:00,6213611,Arganil / Aeródromo (CIM),60.40092637629518,8.0,96.0,0.8,2.9,2,0.0,,,ipma_open_data_recent_obs
proenca-a-nova,2026-04-05 03:00:00,6210817,Ponte de Sôr / Aeródromo,60.51620668399888,10.0,89.0,1.7,6.1,1,,1021.4,,ipma_open_data_recent_obs
proenca-a-nova,2026-04-05 03:00:00,1200571,Portalegre,61.81984947600854,18.9,35.0,2.0,7.2,3,0.0,1021.0,0.0,ipma_open_data_recent_obs
proenca-a-nova,2026-04-05 03:00:00,6213619,Vila Nova de Poiares (CIM),62.03265805001196,8.5,90.0,0.7,2.5,1,0.0,,,ipma_open_data_recent_obs
proenca-a-nova,2026-04-05 03:00:00,1210687,Covilhã (Aeródromo),66.5454304967463,11.2,75.0,0.1,0.4,2,,,0.0,ipma_open_data_recent_obs
proenca-a-nova,2026-04-05 03:00:00,6213617,Penacova / Hombres (CIM),66.98679640068855,,97.0,0.1,0.4,8,0.0,,,ipma_open_data_recent_obs
proenca-a-nova,2026-04-05 03:00:00,1210735,Chamusca / Chouto,67.20047361898695,9.2,88.0,1.9,6.8,9,0.0,1021.6,,ipma_open_data_recent_obs
proenca-a-nova,2026-04-05 03:00:00,1200548,Coimbra (Aeródromo),69.39909839557372,11.8,78.0,0.7,2.5,1,0.0,1021.9,0.0,ipma_open_data_recent_obs
proenca-a-nova,2026-04-05 03:00:00,1210824,"Avis, Benavila",70.87226078107915,11.8,98.0,0.5,1.8,3,0.0,,0.0,ipma_open_data_recent_obs
proenca-a-nova,2026-04-05 03:00:00,1210803,Zebreira,73.26086361851652,15.7,51.0,3.4,12.2,3,0.0,,0.0,ipma_open_data_recent_obs
proenca-a-nova,2026-04-05 03:00:00,1210707,"Coimbra, Bencanta",73.51929564118201,9.3,100.0,1.0,3.6,7,0.0,,0.0,ipma_open_data_recent_obs
proenca-a-nova,2026-04-05 03:00:00,6213620,Oliveira do Hospital (CIM),74.95747343161239,7.7,88.0,2.0,7.2,3,0.0,,,ipma_open_data_recent_obs
proenca-a-nova,2026-04-05 03:00:00,1200568,Penhas Douradas,78.91557963274721,9.8,57.0,1.9,6.8,5,,,0.0,ipma_open_data_recent_obs
proenca-a-nova,2026-04-05 03:00:00,1210690,Aldeia Souto (Q. Lageosa),79.13409544476254,8.9,78.0,0.5,1.8,8,0.0,,0.0,ipma_open_data_recent_obs
proenca-a-nova,2026-04-05 03:00:00,6213613,Coimbra / Mata de São Pedro (CIM),79.31530981985148,13.8,58.0,3.0,10.8,3,,,,ipma_open_data_recent_obs
proenca-a-nova,2026-04-05 04:00:00,1210806,"Proença-a-Nova, P.Moitas",1.0836885982346467,16.5,49.0,1.4,5.0,2,0.0,,0.0,ipma_open_data_recent_obs
proenca-a-nova,2026-04-05 04:00:00,6214119,Pedrógão Grande (CMPG),32.791022073466564,11.2,72.0,4.2,15.1,3,0.0,1022.9,,ipma_open_data_recent_obs
proenca-a-nova,2026-04-05 04:00:00,1210812,Alvega,34.46411898340831,7.4,99.0,0.3,1.1,8,0.0,,,ipma_open_data_recent_obs
proenca-a-nova,2026-04-05 04:00:00,1200570,Castelo Branco,34.95401627821955,14.2,65.0,2.3,8.3,4,0.0,1021.1,0.0,ipma_open_data_recent_obs
proenca-a-nova,2026-04-05 04:00:00,1210686,"Pampilhosa da Serra, Fajão",45.63823282147154,14.5,48.0,1.1,4.0,2,0.0,,,ipma_open_data_recent_obs
proenca-a-nova,2026-04-05 04:00:00,1210724,"Tomar, Valdonas",46.44760771523416,8.7,94.0,0.8,2.9,2,0.0,,0.0,ipma_open_data_recent_obs
proenca-a-nova,2026-04-05 04:00:00,1210716,Ansião,49.93443905019327,16.3,44.0,2.3,8.3,2,0.0,,0.0,ipma_open_data_recent_obs
proenca-a-nova,2026-04-05 04:00:00,1210698,Fundão,51.60033384206315,11.7,69.0,1.3,4.7,7,0.0,,0.0,ipma_open_data_recent_obs
proenca-a-nova,2026-04-05 04:00:00,6213614,Góis / Quinta da Ribeira (CIM),52.55701700481932,,,2.0,7.2,2,,,,ipma_open_data_recent_obs
proenca-a-nova,2026-04-05 04:00:00,1210697,Lousã (Aeródromo),55.9434639704205,11.3,88.0,0.8,2.9,1,0.0,,,ipma_open_data_recent_obs
proenca-a-nova,2026-04-05 04:00:00,6213611,Arganil / Aeródromo (CIM),60.40092637629518,7.4,97.0,0.5,1.8,6,0.0,,,ipma_open_data_recent_obs
proenca-a-nova,2026-04-05 04:00:00,6210817,Ponte de Sôr / Aeródromo,60.51620668399888,9.2,91.0,1.0,3.6,2,,1021.2,,ipma_open_data_recent_obs
proenca-a-nova,2026-04-05 04:00:00,1200571,Portalegre,61.81984947600854,19.0,36.0,4.2,15.1,3,0.0,1020.6,0.0,ipma_open_data_recent_obs
proenca-a-nova,2026-04-05 04:00:00,6213619,Vila Nova de Poiares (CIM),62.03265805001196,7.9,91.0,0.2,0.7,9,0.0,,,ipma_open_data_recent_obs
proenca-a-nova,2026-04-05 04:00:00,1210687,Covilhã (Aeródromo),66.5454304967463,11.1,75.0,0.8,2.9,1,,,0.0,ipma_open_data_recent_obs
proenca-a-nova,2026-04-05 04:00:00,6213617,Penacova / Hombres (CIM),66.98679640068855,,98.0,0.3,1.1,5,0.0,,,ipma_open_data_recent_obs
proenca-a-nova,2026-04-05 04:00:00,1210735,Chamusca / Chouto,67.20047361898695,8.4,91.0,2.1,7.6,9,0.0,1021.4,,ipma_open_data_recent_obs
proenca-a-nova,2026-04-05 04:00:00,1200548,Coimbra (Aeródromo),69.39909839557372,11.1,81.0,0.4,1.4,4,0.0,1021.8,0.0,ipma_open_data_recent_obs
proenca-a-nova,2026-04-05 04:00:00,1210824,"Avis, Benavila",70.87226078107915,11.1,99.0,0.0,0.0,0,0.0,,0.0,ipma_open_data_recent_obs
proenca-a-nova,2026-04-05 04:00:00,1210803,Zebreira,73.26086361851652,15.4,52.0,3.5,12.6,4,0.0,,0.0,ipma_open_data_recent_obs
proenca-a-nova,2026-04-05 04:00:00,1210707,"Coimbra, Bencanta",73.51929564118201,9.1,100.0,0.3,1.1,8,0.0,,0.0,ipma_open_data_recent_obs
proenca-a-nova,2026-04-05 04:00:00,6213620,Oliveira do Hospital (CIM),74.95747343161239,7.4,89.0,1.4,5.0,3,0.0,,,ipma_open_data_recent_obs
proenca-a-nova,2026-04-05 04:00:00,1200568,Penhas Douradas,78.91557963274721,10.1,59.0,2.6,9.4,5,,,0.0,ipma_open_data_recent_obs
proenca-a-nova,2026-04-05 04:00:00,1210690,Aldeia Souto (Q. Lageosa),79.13409544476254,8.6,79.0,0.2,0.7,8,0.0,,0.0,ipma_open_data_recent_obs
proenca-a-nova,2026-04-05 04:00:00,6213613,Coimbra / Mata de São Pedro (CIM),79.31530981985148,12.6,66.0,1.6,5.8,4,,,,ipma_open_data_recent_obs
proenca-a-nova,2026-04-05 05:00:00,1210806,"Proença-a-Nova, P.Moitas",1.0836885982346467,15.6,53.0,1.5,5.4,3,0.0,,0.0,ipma_open_data_recent_obs
proenca-a-nova,2026-04-05 05:00:00,6214119,Pedrógão Grande (CMPG),32.791022073466564,11.0,74.0,4.4,15.8,2,0.0,1022.9,,ipma_open_data_recent_obs
proenca-a-nova,2026-04-05 05:00:00,1210812,Alvega,34.46411898340831,6.9,99.0,0.1,0.4,6,0.0,,,ipma_open_data_recent_obs
proenca-a-nova,2026-04-05 05:00:00,1200570,Castelo Branco,34.95401627821955,13.5,68.0,1.0,3.6,1,0.0,1021.3,0.0,ipma_open_data_recent_obs
proenca-a-nova,2026-04-05 05:00:00,1210686,"Pampilhosa da Serra, Fajão",45.63823282147154,14.2,49.0,0.7,2.5,4,0.0,,,ipma_open_data_recent_obs
proenca-a-nova,2026-04-05 05:00:00,1210724,"Tomar, Valdonas",46.44760771523416,8.4,95.0,0.7,2.5,2,0.0,,0.4,ipma_open_data_recent_obs
proenca-a-nova,2026-04-05 05:00:00,1210716,Ansião,49.93443905019327,16.3,45.0,2.8,10.1,3,0.0,,0.0,ipma_open_data_recent_obs
proenca-a-nova,2026-04-05 05:00:00,1210698,Fundão,51.60033384206315,10.8,73.0,0.6,2.2,1,0.0,,0.0,ipma_open_data_recent_obs
proenca-a-nova,2026-04-05 05:00:00,6213614,Góis / Quinta da Ribeira (CIM),52.55701700481932,,,1.8,6.5,2,,,,ipma_open_data_recent_obs
proenca-a-nova,2026-04-05 05:00:00,1210697,Lousã (Aeródromo),55.9434639704205,11.3,86.0,0.6,2.2,4,0.0,,,ipma_open_data_recent_obs
proenca-a-nova,2026-04-05 05:00:00,6213611,Arganil / Aeródromo (CIM),60.40092637629518,6.9,97.0,0.3,1.1,2,0.0,,,ipma_open_data_recent_obs
proenca-a-nova,2026-04-05 05:00:00,6210817,Ponte de Sôr / Aeródromo,60.51620668399888,8.6,93.0,2.0,7.2,2,,1021.4,,ipma_open_data_recent_obs
proenca-a-nova,2026-04-05 05:00:00,1200571,Portalegre,61.81984947600854,19.4,35.0,4.9,17.6,3,0.0,1020.4,0.0,ipma_open_data_recent_obs
proenca-a-nova,2026-04-05 05:00:00,6213619,Vila Nova de Poiares (CIM),62.03265805001196,7.7,91.0,0.8,2.9,4,0.0,,,ipma_open_data_recent_obs
proenca-a-nova,2026-04-05 05:00:00,1210687,Covilhã (Aeródromo),66.5454304967463,9.8,82.0,0.5,1.8,1,,,0.0,ipma_open_data_recent_obs
proenca-a-nova,2026-04-05 05:00:00,6213617,Penacova / Hombres (CIM),66.98679640068855,,99.0,0.5,1.8,4,0.0,,,ipma_open_data_recent_obs
proenca-a-nova,2026-04-05 05:00:00,1210735,Chamusca / Chouto,67.20047361898695,7.9,93.0,1.8,6.5,9,0.0,1021.4,,ipma_open_data_recent_obs
proenca-a-nova,2026-04-05 05:00:00,1200548,Coimbra (Aeródromo),69.39909839557372,11.5,78.0,1.2,4.3,3,0.0,1021.5,0.0,ipma_open_data_recent_obs
proenca-a-nova,2026-04-05 05:00:00,1210824,"Avis, Benavila",70.87226078107915,10.2,99.0,0.5,1.8,3,0.0,,0.0,ipma_open_data_recent_obs
proenca-a-nova,2026-04-05 05:00:00,1210803,Zebreira,73.26086361851652,13.5,60.0,2.5,9.0,3,0.0,,0.0,ipma_open_data_recent_obs
proenca-a-nova,2026-04-05 05:00:00,1210707,"Coimbra, Bencanta",73.51929564118201,8.3,100.0,0.0,0.0,0,0.0,,0.0,ipma_open_data_recent_obs
proenca-a-nova,2026-04-05 05:00:00,6213620,Oliveira do Hospital (CIM),74.95747343161239,6.9,90.0,1.6,5.8,3,0.0,,,ipma_open_data_recent_obs
proenca-a-nova,2026-04-05 05:00:00,1200568,Penhas Douradas,78.91557963274721,10.3,60.0,1.8,6.5,5,,,0.0,ipma_open_data_recent_obs
proenca-a-nova,2026-04-05 05:00:00,1210690,Aldeia Souto (Q. Lageosa),79.13409544476254,8.2,80.0,0.4,1.4,8,0.0,,0.0,ipma_open_data_recent_obs
proenca-a-nova,2026-04-05 05:00:00,6213613,Coimbra / Mata de São Pedro (CIM),79.31530981985148,12.1,70.0,2.3,8.3,3,,,,ipma_open_data_recent_obs
proenca-a-nova,2026-04-05 06:00:00,1210806,"Proença-a-Nova, P.Moitas",1.0836885982346467,15.1,57.0,2.3,8.3,2,0.0,,0.0,ipma_open_data_recent_obs
proenca-a-nova,2026-04-05 06:00:00,6214119,Pedrógão Grande (CMPG),32.791022073466564,10.7,74.0,4.2,15.1,3,0.0,1023.2,,ipma_open_data_recent_obs
proenca-a-nova,2026-04-05 06:00:00,1210812,Alvega,34.46411898340831,6.3,99.0,0.3,1.1,3,0.0,,,ipma_open_data_recent_obs
proenca-a-nova,2026-04-05 06:00:00,1200570,Castelo Branco,34.95401627821955,13.2,68.0,1.8,6.5,2,0.0,1021.6,0.0,ipma_open_data_recent_obs
proenca-a-nova,2026-04-05 06:00:00,1210686,"Pampilhosa da Serra, Fajão",45.63823282147154,14.5,46.0,1.4,5.0,2,0.0,,,ipma_open_data_recent_obs
proenca-a-nova,2026-04-05 06:00:00,1210724,"Tomar, Valdonas",46.44760771523416,8.1,95.0,1.2,4.3,9,0.0,,4.8,ipma_open_data_recent_obs
proenca-a-nova,2026-04-05 06:00:00,1210716,Ansião,49.93443905019327,16.9,42.0,3.2,11.5,4,0.0,,0.0,ipma_open_data_recent_obs
proenca-a-nova,2026-04-05 06:00:00,1210698,Fundão,51.60033384206315,9.4,81.0,0.5,1.8,1,0.0,,0.2,ipma_open_data_recent_obs
proenca-a-nova,2026-04-05 06:00:00,6213614,Góis / Quinta da Ribeira (CIM),52.55701700481932,,,1.8,6.5,2,,,,ipma_open_data_recent_obs
proenca-a-nova,2026-04-05 06:00:00,1210697,Lousã (Aeródromo),55.9434639704205,10.5,89.0,1.1,4.0,9,0.0,,,ipma_open_data_recent_obs
proenca-a-nova,2026-04-05 06:00:00,6213611,Arganil / Aeródromo (CIM),60.40092637629518,6.5,97.0,0.8,2.9,5,0.0,,,ipma_open_data_recent_obs
proenca-a-nova,2026-04-05 06:00:00,6210817,Ponte de Sôr / Aeródromo,60.51620668399888,8.1,93.0,2.8,10.1,1,,1021.6,,ipma_open_data_recent_obs
proenca-a-nova,2026-04-05 06:00:00,1200571,Portalegre,61.81984947600854,19.2,34.0,2.9,10.4,4,0.0,1020.6,0.0,ipma_open_data_recent_obs
proenca-a-nova,2026-04-05 06:00:00,6213619,Vila Nova de Poiares (CIM),62.03265805001196,7.6,91.0,0.5,1.8,8,0.0,,,ipma_open_data_recent_obs
proenca-a-nova,2026-04-05 06:00:00,1210687,Covilhã (Aeródromo),66.5454304967463,8.2,88.0,0.2,0.7,6,,,0.0,ipma_open_data_recent_obs
proenca-a-nova,2026-04-05 06:00:00,6213617,Penacova / Hombres (CIM),66.98679640068855,,99.0,0.1,0.4,8,0.0,,,ipma_open_data_recent_obs
proenca-a-nova,2026-04-05 06:00:00,1210735,Chamusca / Chouto,67.20047361898695,7.4,94.0,1.6,5.8,8,0.0,1021.7,,ipma_open_data_recent_obs
proenca-a-nova,2026-04-05 06:00:00,1200548,Coimbra (Aeródromo),69.39909839557372,12.0,75.0,1.3,4.7,3,0.0,1021.6,0.0,ipma_open_data_recent_obs
proenca-a-nova,2026-04-05 06:00:00,1210824,"Avis, Benavila",70.87226078107915,9.6,99.0,1.0,3.6,2,0.0,,0.0,ipma_open_data_recent_obs
proenca-a-nova,2026-04-05 06:00:00,1210803,Zebreira,73.26086361851652,13.6,61.0,3.7,13.3,4,0.0,,0.0,ipma_open_data_recent_obs
proenca-a-nova,2026-04-05 06:00:00,1210707,"Coimbra, Bencanta",73.51929564118201,8.1,100.0,0.0,0.0,0,0.0,,0.0,ipma_open_data_recent_obs
proenca-a-nova,2026-04-05 06:00:00,6213620,Oliveira do Hospital (CIM),74.95747343161239,7.0,88.0,0.7,2.5,2,0.0,,,ipma_open_data_recent_obs
proenca-a-nova,2026-04-05 06:00:00,1200568,Penhas Douradas,78.91557963274721,10.2,61.0,1.8,6.5,5,,,0.0,ipma_open_data_recent_obs
proenca-a-nova,2026-04-05 06:00:00,1210690,Aldeia Souto (Q. Lageosa),79.13409544476254,7.8,82.0,0.4,1.4,8,0.0,,0.2,ipma_open_data_recent_obs
proenca-a-nova,2026-04-05 06:00:00,6213613,Coimbra / Mata de São Pedro (CIM),79.31530981985148,12.2,71.0,2.0,7.2,3,,,,ipma_open_data_recent_obs
proenca-a-nova,2026-04-05 07:00:00,1210806,"Proença-a-Nova, P.Moitas",1.0836885982346467,15.5,57.0,2.9,10.4,2,0.0,,147.0,ipma_open_data_recent_obs
proenca-a-nova,2026-04-05 07:00:00,6214119,Pedrógão Grande (CMPG),32.791022073466564,10.9,74.0,4.2,15.1,3,0.0,1023.4,,ipma_open_data_recent_obs
proenca-a-nova,2026-04-05 07:00:00,1210812,Alvega,34.46411898340831,6.6,100.0,0.6,2.2,5,0.0,,,ipma_open_data_recent_obs
proenca-a-nova,2026-04-05 07:00:00,1200570,Castelo Branco,34.95401627821955,12.9,70.0,1.9,6.8,9,0.0,1022.0,158.2,ipma_open_data_recent_obs
proenca-a-nova,2026-04-05 07:00:00,1210686,"Pampilhosa da Serra, Fajão",45.63823282147154,14.5,49.0,1.9,6.8,3,0.0,,,ipma_open_data_recent_obs
proenca-a-nova,2026-04-05 07:00:00,1210724,"Tomar, Valdonas",46.44760771523416,8.3,95.0,0.5,1.8,1,0.0,,133.9,ipma_open_data_recent_obs
proenca-a-nova,2026-04-05 07:00:00,1259201,Lousã/Trevim,48.13972470575691,,,1.9,6.8,5,,,,ipma_open_data_recent_obs
proenca-a-nova,2026-04-05 07:00:00,1210716,Ansião,49.93443905019327,16.7,44.0,3.6,13.0,4,0.0,,41.0,ipma_open_data_recent_obs
proenca-a-nova,2026-04-05 07:00:00,1210698,Fundão,51.60033384206315,9.4,83.0,0.3,1.1,2,0.0,,59.3,ipma_open_data_recent_obs
proenca-a-nova,2026-04-05 07:00:00,6213614,Góis / Quinta da Ribeira (CIM),52.55701700481932,,,2.3,8.3,2,,,,ipma_open_data_recent_obs
proenca-a-nova,2026-04-05 07:00:00,1210697,Lousã (Aeródromo),55.9434639704205,10.4,90.0,0.5,1.8,5,0.0,,,ipma_open_data_recent_obs
proenca-a-nova,2026-04-05 07:00:00,6213611,Arganil / Aeródromo (CIM),60.40092637629518,6.3,98.0,0.4,1.4,2,0.0,,,ipma_open_data_recent_obs
proenca-a-nova,2026-04-05 07:00:00,6210817,Ponte de Sôr / Aeródromo,60.51620668399888,8.3,93.0,3.0,10.8,1,,1021.8,,ipma_open_data_recent_obs
proenca-a-nova,2026-04-05 07:00:00,1200571,Portalegre,61.81984947600854,17.3,39.0,3.3,11.9,4,0.0,1021.5,71.5,ipma_open_data_recent_obs
proenca-a-nova,2026-04-05 07:00:00,6213619,Vila Nova de Poiares (CIM),62.03265805001196,8.2,92.0,0.4,1.4,7,0.0,,,ipma_open_data_recent_obs
proenca-a-nova,2026-04-05 07:00:00,1210687,Covilhã (Aeródromo),66.5454304967463,9.1,86.0,0.0,0.0,0,,,154.1,ipma_open_data_recent_obs
proenca-a-nova,2026-04-05 07:00:00,6213617,Penacova / Hombres (CIM),66.98679640068855,,99.0,0.5,1.8,6,0.0,,,ipma_open_data_recent_obs
proenca-a-nova,2026-04-05 07:00:00,1210735,Chamusca / Chouto,67.20047361898695,7.5,96.0,1.4,5.0,8,0.0,1021.8,,ipma_open_data_recent_obs
proenca-a-nova,2026-04-05 07:00:00,1200548,Coimbra (Aeródromo),69.39909839557372,11.6,78.0,1.5,5.4,3,0.0,1021.8,97.8,ipma_open_data_recent_obs
proenca-a-nova,2026-04-05 07:00:00,1210824,"Avis, Benavila",70.87226078107915,9.7,99.0,1.5,5.4,3,0.0,,185.7,ipma_open_data_recent_obs
proenca-a-nova,2026-04-05 07:00:00,1210803,Zebreira,73.26086361851652,13.1,65.0,2.9,10.4,3,0.0,,69.1,ipma_open_data_recent_obs
proenca-a-nova,2026-04-05 07:00:00,1210707,"Coimbra, Bencanta",73.51929564118201,8.1,100.0,0.0,0.0,0,0.0,,146.7,ipma_open_data_recent_obs
proenca-a-nova,2026-04-05 07:00:00,6213620,Oliveira do Hospital (CIM),74.95747343161239,6.3,91.0,1.8,6.5,2,0.0,,,ipma_open_data_recent_obs
proenca-a-nova,2026-04-05 07:00:00,1200568,Penhas Douradas,78.91557963274721,10.6,61.0,1.4,5.0,4,,,180.8,ipma_open_data_recent_obs
proenca-a-nova,2026-04-05 07:00:00,1210690,Aldeia Souto (Q. Lageosa),79.13409544476254,7.6,83.0,0.3,1.1,5,0.0,,72.5,ipma_open_data_recent_obs
proenca-a-nova,2026-04-05 07:00:00,6213613,Coimbra / Mata de São Pedro (CIM),79.31530981985148,13.4,65.0,4.8,17.3,3,,,,ipma_open_data_recent_obs
proenca-a-nova,2026-04-05 08:00:00,1210806,"Proença-a-Nova, P.Moitas",1.0836885982346467,17.4,54.0,2.7,9.7,3,0.0,,811.3,ipma_open_data_recent_obs
proenca-a-nova,2026-04-05 08:00:00,6214119,Pedrógão Grande (CMPG),32.791022073466564,12.5,69.0,3.9,14.0,3,0.0,1023.4,,ipma_open_data_recent_obs
proenca-a-nova,2026-04-05 08:00:00,1210812,Alvega,34.46411898340831,10.6,92.0,0.5,1.8,3,0.0,,,ipma_open_data_recent_obs
proenca-a-nova,2026-04-05 08:00:00,1200570,Castelo Branco,34.95401627821955,14.8,68.0,2.4,8.6,3,0.0,1021.9,811.1,ipma_open_data_recent_obs
proenca-a-nova,2026-04-05 08:00:00,1210686,"Pampilhosa da Serra, Fajão",45.63823282147154,15.1,49.0,2.0,7.2,3,0.0,,,ipma_open_data_recent_obs
proenca-a-nova,2026-04-05 08:00:00,1210724,"Tomar, Valdonas",46.44760771523416,11.3,86.0,0.5,1.8,4,0.0,,664.5,ipma_open_data_recent_obs
proenca-a-nova,2026-04-05 08:00:00,1259201,Lousã/Trevim,48.13972470575691,15.3,52.0,1.8,6.5,5,0.0,,,ipma_open_data_recent_obs
proenca-a-nova,2026-04-05 08:00:00,1210716,Ansião,49.93443905019327,18.6,43.0,2.9,10.4,4,0.0,,153.7,ipma_open_data_recent_obs
proenca-a-nova,2026-04-05 08:00:00,1210698,Fundão,51.60033384206315,10.5,80.0,0.7,2.5,1,0.0,,163.1,ipma_open_data_recent_obs
proenca-a-nova,2026-04-05 08:00:00,6213614,Góis / Quinta da Ribeira (CIM),52.55701700481932,,,1.8,6.5,2,,,,ipma_open_data_recent_obs
proenca-a-nova,2026-04-05 08:00:00,1210697,Lousã (Aeródromo),55.9434639704205,12.5,82.0,1.3,4.7,5,0.0,,,ipma_open_data_recent_obs
proenca-a-nova,2026-04-05 08:00:00,6213611,Arganil / Aeródromo (CIM),60.40092637629518,8.0,97.0,0.5,1.8,5,0.0,,,ipma_open_data_recent_obs
proenca-a-nova,2026-04-05 08:00:00,6210817,Ponte de Sôr / Aeródromo,60.51620668399888,10.9,85.0,2.3,8.3,1,,1022.0,,ipma_open_data_recent_obs
proenca-a-nova,2026-04-05 08:00:00,1200571,Portalegre,61.81984947600854,17.9,40.0,2.4,8.6,4,0.0,1021.8,783.3,ipma_open_data_recent_obs
proenca-a-nova,2026-04-05 08:00:00,6213619,Vila Nova de Poiares (CIM),62.03265805001196,10.6,87.0,0.7,2.5,6,0.0,,,ipma_open_data_recent_obs
proenca-a-nova,2026-04-05 08:00:00,1210687,Covilhã (Aeródromo),66.5454304967463,12.0,74.0,0.0,0.0,0,,,760.5,ipma_open_data_recent_obs
proenca-a-nova,2026-04-05 08:00:00,6213617,Penacova / Hombres (CIM),66.98679640068855,,100.0,0.3,1.1,7,0.0,,,ipma_open_data_recent_obs
proenca-a-nova,2026-04-05 08:00:00,1210735,Chamusca / Chouto,67.20047361898695,12.3,81.0,0.0,0.0,0,0.0,1021.8,,ipma_open_data_recent_obs
proenca-a-nova,2026-04-05 08:00:00,1200548,Coimbra (Aeródromo),69.39909839557372,14.3,69.0,1.1,4.0,2,0.0,1021.8,781.1,ipma_open_data_recent_obs
proenca-a-nova,2026-04-05 08:00:00,1210824,"Avis, Benavila",70.87226078107915,11.8,97.0,0.6,2.2,2,0.0,,1015.2,ipma_open_data_recent_obs
proenca-a-nova,2026-04-05 08:00:00,1210803,Zebreira,73.26086361851652,15.7,59.0,3.1,11.2,4,0.0,,741.4,ipma_open_data_recent_obs
proenca-a-nova,2026-04-05 08:00:00,1210707,"Coimbra, Bencanta",73.51929564118201,9.9,100.0,1.3,4.7,7,0.0,,763.3,ipma_open_data_recent_obs
proenca-a-nova,2026-04-05 08:00:00,6213620,Oliveira do Hospital (CIM),74.95747343161239,10.6,76.0,1.5,5.4,2,0.0,,,ipma_open_data_recent_obs
proenca-a-nova,2026-04-05 08:00:00,1200568,Penhas Douradas,78.91557963274721,13.5,53.0,2.6,9.4,4,,,888.0,ipma_open_data_recent_obs
proenca-a-nova,2026-04-05 08:00:00,1210690,Aldeia Souto (Q. Lageosa),79.13409544476254,9.8,79.0,0.5,1.8,4,0.0,,548.2,ipma_open_data_recent_obs
proenca-a-nova,2026-04-05 08:00:00,6213613,Coimbra / Mata de São Pedro (CIM),79.31530981985148,15.1,58.0,3.1,11.2,3,,,,ipma_open_data_recent_obs
proenca-a-nova,2026-04-05 09:00:00,1210806,"Proença-a-Nova, P.Moitas",1.0836885982346467,19.4,50.0,2.6,9.4,4,0.0,,1541.1,ipma_open_data_recent_obs
proenca-a-nova,2026-04-05 09:00:00,6214119,Pedrógão Grande (CMPG),32.791022073466564,16.0,60.0,4.4,15.8,2,0.0,1022.9,,ipma_open_data_recent_obs
proenca-a-nova,2026-04-05 09:00:00,1210812,Alvega,34.46411898340831,17.0,65.0,3.1,11.2,3,0.0,,,ipma_open_data_recent_obs
proenca-a-nova,2026-04-05 09:00:00,1200570,Castelo Branco,34.95401627821955,18.2,56.0,3.0,10.8,3,0.0,1021.7,1560.2,ipma_open_data_recent_obs
proenca-a-nova,2026-04-05 09:00:00,1210686,"Pampilhosa da Serra, Fajão",45.63823282147154,16.2,50.0,1.1,4.0,3,0.0,,,ipma_open_data_recent_obs
proenca-a-nova,2026-04-05 09:00:00,1210724,"Tomar, Valdonas",46.44760771523416,15.0,74.0,0.5,1.8,9,0.0,,1360.6,ipma_open_data_recent_obs
proenca-a-nova,2026-04-05 09:00:00,1259201,Lousã/Trevim,48.13972470575691,16.1,52.0,1.9,6.8,5,0.0,,,ipma_open_data_recent_obs
proenca-a-nova,2026-04-05 09:00:00,1210716,Ansião,49.93443905019327,20.9,41.0,1.9,6.8,3,0.0,,1175.7,ipma_open_data_recent_obs
proenca-a-nova,2026-04-05 09:00:00,1210698,Fundão,51.60033384206315,13.4,72.0,0.4,1.4,8,0.0,,989.9,ipma_open_data_recent_obs
proenca-a-nova,2026-04-05 09:00:00,6213614,Góis / Quinta da Ribeira (CIM),52.55701700481932,,,1.2,4.3,2,,,,ipma_open_data_recent_obs
proenca-a-nova,2026-04-05 09:00:00,1210697,Lousã (Aeródromo),55.9434639704205,15.2,75.0,0.8,2.9,2,0.0,,,ipma_open_data_recent_obs
proenca-a-nova,2026-04-05 09:00:00,6213611,Arganil / Aeródromo (CIM),60.40092637629518,13.2,76.0,0.8,2.9,6,0.0,,,ipma_open_data_recent_obs
proenca-a-nova,2026-04-05 09:00:00,6210817,Ponte de Sôr / Aeródromo,60.51620668399888,15.6,71.0,2.3,8.3,2,,1021.9,,ipma_open_data_recent_obs
proenca-a-nova,2026-04-05 09:00:00,1200571,Portalegre,61.81984947600854,19.4,33.0,1.4,5.0,4,0.0,1021.7,2581.3,ipma_open_data_recent_obs
proenca-a-nova,2026-04-05 09:00:00,6213619,Vila Nova de Poiares (CIM),62.03265805001196,14.7,69.0,1.1,4.0,7,0.0,,,ipma_open_data_recent_obs
proenca-a-nova,2026-04-05 09:00:00,1210687,Covilhã (Aeródromo),66.5454304967463,15.4,64.0,0.5,1.8,4,,,1498.6,ipma_open_data_recent_obs
proenca-a-nova,2026-04-05 09:00:00,6213617,Penacova / Hombres (CIM),66.98679640068855,,95.0,1.0,3.6,9,0.0,,,ipma_open_data_recent_obs
proenca-a-nova,2026-04-05 09:00:00,1210735,Chamusca / Chouto,67.20047361898695,18.1,59.0,2.0,7.2,3,0.0,1021.8,,ipma_open_data_recent_obs
proenca-a-nova,2026-04-05 09:00:00,1200548,Coimbra (Aeródromo),69.39909839557372,16.8,62.0,1.5,5.4,2,0.0,1021.8,1482.4,ipma_open_data_recent_obs
proenca-a-nova,2026-04-05 09:00:00,1210824,"Avis, Benavila",70.87226078107915,15.6,79.0,0.4,1.4,2,0.0,,1840.2,ipma_open_data_recent_obs
proenca-a-nova,2026-04-05 09:00:00,1210803,Zebreira,73.26086361851652,17.8,53.0,2.7,9.7,3,0.0,,1588.4,ipma_open_data_recent_obs
proenca-a-nova,2026-04-05 09:00:00,1210707,"Coimbra, Bencanta",73.51929564118201,12.2,97.0,0.4,1.4,7,0.0,,1461.4,ipma_open_data_recent_obs
proenca-a-nova,2026-04-05 09:00:00,6213620,Oliveira do Hospital (CIM),74.95747343161239,15.2,62.0,0.7,2.5,6,0.0,,,ipma_open_data_recent_obs
proenca-a-nova,2026-04-05 09:00:00,1200568,Penhas Douradas,78.91557963274721,14.9,51.0,2.0,7.2,4,,,1529.0,ipma_open_data_recent_obs
proenca-a-nova,2026-04-05 09:00:00,1210690,Aldeia Souto (Q. Lageosa),79.13409544476254,15.5,59.0,0.8,2.9,4,0.0,,1482.7,ipma_open_data_recent_obs
proenca-a-nova,2026-04-05 09:00:00,6213613,Coimbra / Mata de São Pedro (CIM),79.31530981985148,16.4,58.0,2.3,8.3,3,,,,ipma_open_data_recent_obs
proenca-a-nova,2026-04-05 10:00:00,1210806,"Proença-a-Nova, P.Moitas",1.0836885982346467,20.6,48.0,2.6,9.4,3,0.0,,2342.0,ipma_open_data_recent_obs
proenca-a-nova,2026-04-05 10:00:00,6214119,Pedrógão Grande (CMPG),32.791022073466564,19.8,50.0,4.0,14.4,3,0.0,1022.6,,ipma_open_data_recent_obs
proenca-a-nova,2026-04-05 10:00:00,1210812,Alvega,34.46411898340831,20.9,50.0,3.2,11.5,2,0.0,,,ipma_open_data_recent_obs
proenca-a-nova,2026-04-05 10:00:00,1200570,Castelo Branco,34.95401627821955,19.7,51.0,2.8,10.1,3,0.0,1021.9,2141.5,ipma_open_data_recent_obs
proenca-a-nova,2026-04-05 10:00:00,1210686,"Pampilhosa da Serra, Fajão",45.63823282147154,19.2,43.0,5.2,18.7,4,0.0,,,ipma_open_data_recent_obs
proenca-a-nova,2026-04-05 10:00:00,1210724,"Tomar, Valdonas",46.44760771523416,18.9,63.0,0.8,2.9,7,0.0,,2009.4,ipma_open_data_recent_obs
proenca-a-nova,2026-04-05 10:00:00,1259201,Lousã/Trevim,48.13972470575691,16.7,50.0,,,0,,,,ipma_open_data_recent_obs
proenca-a-nova,2026-04-05 10:00:00,1210716,Ansião,49.93443905019327,22.9,40.0,1.7,6.1,3,0.0,,2031.9,ipma_open_data_recent_obs
proenca-a-nova,2026-04-05 10:00:00,1210698,Fundão,51.60033384206315,19.2,50.0,1.5,5.4,3,0.0,,2155.9,ipma_open_data_recent_obs
proenca-a-nova,2026-04-05 10:00:00,6213614,Góis / Quinta da Ribeira (CIM),52.55701700481932,,,0.5,1.8,4,,,,ipma_open_data_recent_obs
proenca-a-nova,2026-04-05 10:00:00,1210697,Lousã (Aeródromo),55.9434639704205,18.3,67.0,0.8,2.9,7,0.0,,,ipma_open_data_recent_obs
proenca-a-nova,2026-04-05 10:00:00,6213611,Arganil / Aeródromo (CIM),60.40092637629518,17.9,57.0,1.2,4.3,5,0.0,,,ipma_open_data_recent_obs
proenca-a-nova,2026-04-05 10:00:00,6210817,Ponte de Sôr / Aeródromo,60.51620668399888,20.1,51.0,2.2,7.9,4,,1022.0,,ipma_open_data_recent_obs
proenca-a-nova,2026-04-05 10:00:00,1200571,Portalegre,61.81984947600854,21.2,27.0,1.5,5.4,4,0.0,1021.8,3825.1,ipma_open_data_recent_obs
proenca-a-nova,2026-04-05 10:00:00,6213619,Vila Nova de Poiares (CIM),62.03265805001196,17.9,58.0,2.3,8.3,7,0.0,,,ipma_open_data_recent_obs
proenca-a-nova,2026-04-05 10:00:00,1210687,Covilhã (Aeródromo),66.5454304967463,19.4,50.0,1.5,5.4,3,,,2220.6,ipma_open_data_recent_obs
proenca-a-nova,2026-04-05 10:00:00,6213617,Penacova / Hombres (CIM),66.98679640068855,,75.0,0.8,2.9,1,0.0,,,ipma_open_data_recent_obs
proenca-a-nova,2026-04-05 10:00:00,1210735,Chamusca / Chouto,67.20047361898695,20.7,52.0,1.8,6.5,4,0.0,1022.0,,ipma_open_data_recent_obs
proenca-a-nova,2026-04-05 10:00:00,1200548,Coimbra (Aeródromo),69.39909839557372,18.8,58.0,2.2,7.9,7,0.0,1021.9,2124.9,ipma_open_data_recent_obs
proenca-a-nova,2026-04-05 10:00:00,1210824,"Avis, Benavila",70.87226078107915,20.5,51.0,1.5,5.4,4,0.0,,2224.0,ipma_open_data_recent_obs
proenca-a-nova,2026-04-05 10:00:00,1210803,Zebreira,73.26086361851652,20.1,46.0,2.3,8.3,3,0.0,,2300.3,ipma_open_data_recent_obs
proenca-a-nova,2026-04-05 10:00:00,1210707,"Coimbra, Bencanta",73.51929564118201,16.1,78.0,1.7,6.1,8,0.0,,2093.5,ipma_open_data_recent_obs
proenca-a-nova,2026-04-05 10:00:00,6213620,Oliveira do Hospital (CIM),74.95747343161239,18.8,55.0,1.3,4.7,7,0.0,,,ipma_open_data_recent_obs
proenca-a-nova,2026-04-05 10:00:00,1200568,Penhas Douradas,78.91557963274721,16.0,51.0,2.7,9.7,4,,,2149.8,ipma_open_data_recent_obs
proenca-a-nova,2026-04-05 10:00:00,1210690,Aldeia Souto (Q. Lageosa),79.13409544476254,20.2,43.0,0.6,2.2,3,0.0,,2307.9,ipma_open_data_recent_obs
proenca-a-nova,2026-04-05 10:00:00,6213613,Coimbra / Mata de São Pedro (CIM),79.31530981985148,18.5,52.0,1.5,5.4,8,,,,ipma_open_data_recent_obs
proenca-a-nova,2026-04-05 11:00:00,1210806,"Proença-a-Nova, P.Moitas",1.0836885982346467,22.3,44.0,2.2,7.9,4,0.0,,2587.4,ipma_open_data_recent_obs
proenca-a-nova,2026-04-05 11:00:00,6214119,Pedrógão Grande (CMPG),32.791022073466564,22.8,40.0,1.5,5.4,4,0.0,1022.2,,ipma_open_data_recent_obs
proenca-a-nova,2026-04-05 11:00:00,1210812,Alvega,34.46411898340831,23.4,46.0,2.9,10.4,2,0.0,,,ipma_open_data_recent_obs
proenca-a-nova,2026-04-05 11:00:00,1200570,Castelo Branco,34.95401627821955,21.4,46.0,2.5,9.0,3,0.0,1021.8,2712.1,ipma_open_data_recent_obs
proenca-a-nova,2026-04-05 11:00:00,1210686,"Pampilhosa da Serra, Fajão",45.63823282147154,20.6,40.0,4.2,15.1,4,0.0,,,ipma_open_data_recent_obs
proenca-a-nova,2026-04-05 11:00:00,1210724,"Tomar, Valdonas",46.44760771523416,22.0,54.0,1.1,4.0,7,0.0,,2209.8,ipma_open_data_recent_obs
proenca-a-nova,2026-04-05 11:00:00,1210716,Ansião,49.93443905019327,24.1,38.0,2.3,8.3,4,0.0,,2638.0,ipma_open_data_recent_obs
proenca-a-nova,2026-04-05 11:00:00,1210698,Fundão,51.60033384206315,23.4,38.0,1.7,6.1,3,0.0,,2655.6,ipma_open_data_recent_obs
proenca-a-nova,2026-04-05 11:00:00,6213614,Góis / Quinta da Ribeira (CIM),52.55701700481932,,,1.4,5.0,2,,,,ipma_open_data_recent_obs
proenca-a-nova,2026-04-05 11:00:00,1210697,Lousã (Aeródromo),55.9434639704205,20.8,64.0,1.1,4.0,7,0.0,,,ipma_open_data_recent_obs
proenca-a-nova,2026-04-05 11:00:00,6213611,Arganil / Aeródromo (CIM),60.40092637629518,22.0,51.0,1.9,6.8,6,0.0,,,ipma_open_data_recent_obs
proenca-a-nova,2026-04-05 11:00:00,6210817,Ponte de Sôr / Aeródromo,60.51620668399888,22.8,42.0,1.8,6.5,4,,1021.8,,ipma_open_data_recent_obs
proenca-a-nova,2026-04-05 11:00:00,1200571,Portalegre,61.81984947600854,22.5,28.0,1.0,3.6,5,0.0,1021.7,,ipma_open_data_recent_obs
proenca-a-nova,2026-04-05 11:00:00,6213619,Vila Nova de Poiares (CIM),62.03265805001196,21.1,50.0,2.1,7.6,7,0.0,,,ipma_open_data_recent_obs
proenca-a-nova,2026-04-05 11:00:00,1210687,Covilhã (Aeródromo),66.5454304967463,22.2,38.0,1.3,4.7,7,,,2691.8,ipma_open_data_recent_obs
proenca-a-nova,2026-04-05 11:00:00,6213617,Penacova / Hombres (CIM),66.98679640068855,,61.0,1.2,4.3,8,0.0,,,ipma_open_data_recent_obs
proenca-a-nova,2026-04-05 11:00:00,1210735,Chamusca / Chouto,67.20047361898695,22.5,48.0,2.1,7.6,4,0.0,1022.0,,ipma_open_data_recent_obs
proenca-a-nova,2026-04-05 11:00:00,1200548,Coimbra (Aeródromo),69.39909839557372,19.9,59.0,2.4,8.6,8,0.0,1021.9,2673.0,ipma_open_data_recent_obs
proenca-a-nova,2026-04-05 11:00:00,1210824,"Avis, Benavila",70.87226078107915,23.2,42.0,1.2,4.3,3,0.0,,2457.3,ipma_open_data_recent_obs
proenca-a-nova,2026-04-05 11:00:00,1210803,Zebreira,73.26086361851652,22.2,44.0,2.6,9.4,3,0.0,,2719.2,ipma_open_data_recent_obs
proenca-a-nova,2026-04-05 11:00:00,1210707,"Coimbra, Bencanta",73.51929564118201,19.6,63.0,1.2,4.3,8,0.0,,2599.9,ipma_open_data_recent_obs
proenca-a-nova,2026-04-05 11:00:00,6213620,Oliveira do Hospital (CIM),74.95747343161239,22.7,46.0,2.1,7.6,7,0.0,,,ipma_open_data_recent_obs
proenca-a-nova,2026-04-05 11:00:00,1200568,Penhas Douradas,78.91557963274721,17.6,46.0,3.3,11.9,4,,,2772.1,ipma_open_data_recent_obs
proenca-a-nova,2026-04-05 11:00:00,1210690,Aldeia Souto (Q. Lageosa),79.13409544476254,22.9,33.0,1.7,6.1,6,0.0,,2739.9,ipma_open_data_recent_obs
proenca-a-nova,2026-04-05 11:00:00,6213613,Coimbra / Mata de São Pedro (CIM),79.31530981985148,18.7,60.0,1.5,5.4,8,,,,ipma_open_data_recent_obs
proenca-a-nova,2026-04-05 12:00:00,1210806,"Proença-a-Nova, P.Moitas",1.0836885982346467,23.8,38.0,1.4,5.0,4,0.0,,2699.2,ipma_open_data_recent_obs
proenca-a-nova,2026-04-05 12:00:00,6214119,Pedrógão Grande (CMPG),32.791022073466564,25.2,34.0,4.3,15.5,5,0.0,1021.6,,ipma_open_data_recent_obs
proenca-a-nova,2026-04-05 12:00:00,1210812,Alvega,34.46411898340831,26.0,38.0,1.8,6.5,3,0.0,,,ipma_open_data_recent_obs
proenca-a-nova,2026-04-05 12:00:00,1200570,Castelo Branco,34.95401627821955,23.1,44.0,2.3,8.3,3,0.0,1021.3,3070.7,ipma_open_data_recent_obs
proenca-a-nova,2026-04-05 12:00:00,1210686,"Pampilhosa da Serra, Fajão",45.63823282147154,22.1,37.0,5.4,19.4,5,0.0,,,ipma_open_data_recent_obs
proenca-a-nova,2026-04-05 12:00:00,1210724,"Tomar, Valdonas",46.44760771523416,25.4,44.0,2.7,9.7,5,0.0,,2972.3,ipma_open_data_recent_obs
proenca-a-nova,2026-04-05 12:00:00,1210716,Ansião,49.93443905019327,25.2,36.0,2.6,9.4,4,0.0,,2935.6,ipma_open_data_recent_obs
proenca-a-nova,2026-04-05 12:00:00,1210698,Fundão,51.60033384206315,24.9,33.0,2.8,10.1,4,0.0,,3001.8,ipma_open_data_recent_obs
proenca-a-nova,2026-04-05 12:00:00,6213614,Góis / Quinta da Ribeira (CIM),52.55701700481932,,,2.3,8.3,1,,,,ipma_open_data_recent_obs
proenca-a-nova,2026-04-05 12:00:00,1210697,Lousã (Aeródromo),55.9434639704205,24.3,55.0,1.3,4.7,7,0.0,,,ipma_open_data_recent_obs
proenca-a-nova,2026-04-05 12:00:00,6213611,Arganil / Aeródromo (CIM),60.40092637629518,25.2,45.0,2.0,7.2,6,0.0,,,ipma_open_data_recent_obs
proenca-a-nova,2026-04-05 12:00:00,6210817,Ponte de Sôr / Aeródromo,60.51620668399888,25.2,33.0,2.1,7.6,4,,1021.3,,ipma_open_data_recent_obs
proenca-a-nova,2026-04-05 12:00:00,1200571,Portalegre,61.81984947600854,23.9,27.0,1.5,5.4,4,0.0,1021.2,,ipma_open_data_recent_obs
proenca-a-nova,2026-04-05 12:00:00,6213619,Vila Nova de Poiares (CIM),62.03265805001196,24.8,39.0,1.4,5.0,7,0.0,,,ipma_open_data_recent_obs
proenca-a-nova,2026-04-05 12:00:00,1210687,Covilhã (Aeródromo),66.5454304967463,23.8,36.0,2.1,7.6,5,,,3037.5,ipma_open_data_recent_obs
proenca-a-nova,2026-04-05 12:00:00,6213617,Penacova / Hombres (CIM),66.98679640068855,,53.0,1.1,4.0,9,0.0,,,ipma_open_data_recent_obs
proenca-a-nova,2026-04-05 12:00:00,1210735,Chamusca / Chouto,67.20047361898695,24.4,42.0,2.5,9.0,4,0.0,1021.5,,ipma_open_data_recent_obs
proenca-a-nova,2026-04-05 12:00:00,1200548,Coimbra (Aeródromo),69.39909839557372,23.0,48.0,2.1,7.6,8,0.0,1021.4,2926.5,ipma_open_data_recent_obs
proenca-a-nova,2026-04-05 12:00:00,1210824,"Avis, Benavila",70.87226078107915,25.7,31.0,2.3,8.3,3,0.0,,2546.4,ipma_open_data_recent_obs
proenca-a-nova,2026-04-05 12:00:00,1210803,Zebreira,73.26086361851652,23.8,38.0,3.0,10.8,3,0.0,,3142.6,ipma_open_data_recent_obs
proenca-a-nova,2026-04-05 12:00:00,1210707,"Coimbra, Bencanta",73.51929564118201,22.8,56.0,1.3,4.7,8,0.0,,2823.1,ipma_open_data_recent_obs
proenca-a-nova,2026-04-05 12:00:00,6213620,Oliveira do Hospital (CIM),74.95747343161239,24.9,36.0,2.7,9.7,7,0.0,,,ipma_open_data_recent_obs
proenca-a-nova,2026-04-05 12:00:00,1200568,Penhas Douradas,78.91557963274721,18.5,42.0,3.3,11.9,3,,,3060.5,ipma_open_data_recent_obs
proenca-a-nova,2026-04-05 12:00:00,1210690,Aldeia Souto (Q. Lageosa),79.13409544476254,23.9,31.0,1.7,6.1,4,0.0,,3078.8,ipma_open_data_recent_obs
proenca-a-nova,2026-04-05 12:00:00,6213613,Coimbra / Mata de São Pedro (CIM),79.31530981985148,21.5,56.0,1.7,6.1,8,,,,ipma_open_data_recent_obs
proenca-a-nova,2026-04-05 13:00:00,1210806,"Proença-a-Nova, P.Moitas",1.0836885982346467,25.5,33.0,3.3,11.9,4,0.0,,2723.6,ipma_open_data_recent_obs
proenca-a-nova,2026-04-05 13:00:00,6214119,Pedrógão Grande (CMPG),32.791022073466564,25.6,30.0,3.3,11.9,4,0.0,1021.2,,ipma_open_data_recent_obs
proenca-a-nova,2026-04-05 13:00:00,1210812,Alvega,34.46411898340831,28.8,26.0,3.6,13.0,3,0.0,,,ipma_open_data_recent_obs
proenca-a-nova,2026-04-05 13:00:00,1200570,Castelo Branco,34.95401627821955,24.4,40.0,2.6,9.4,4,0.0,1020.7,3192.4,ipma_open_data_recent_obs
proenca-a-nova,2026-04-05 13:00:00,1210686,"Pampilhosa da Serra, Fajão",45.63823282147154,22.8,37.0,5.0,18.0,5,0.0,,,ipma_open_data_recent_obs
proenca-a-nova,2026-04-05 13:00:00,1210724,"Tomar, Valdonas",46.44760771523416,27.2,36.0,2.6,9.4,5,0.0,,3144.4,ipma_open_data_recent_obs
proenca-a-nova,2026-04-05 13:00:00,1210716,Ansião,49.93443905019327,27.0,32.0,1.1,4.0,5,0.0,,3226.6,ipma_open_data_recent_obs
proenca-a-nova,2026-04-05 13:00:00,1210698,Fundão,51.60033384206315,25.2,31.0,3.2,11.5,4,0.0,,3161.4,ipma_open_data_recent_obs
proenca-a-nova,2026-04-05 13:00:00,6213614,Góis / Quinta da Ribeira (CIM),52.55701700481932,,,1.8,6.5,2,,,,ipma_open_data_recent_obs
proenca-a-nova,2026-04-05 13:00:00,1210697,Lousã (Aeródromo),55.9434639704205,26.6,45.0,1.2,4.3,8,0.0,,,ipma_open_data_recent_obs
proenca-a-nova,2026-04-05 13:00:00,6213611,Arganil / Aeródromo (CIM),60.40092637629518,26.9,35.0,2.8,10.1,6,0.0,,,ipma_open_data_recent_obs
proenca-a-nova,2026-04-05 13:00:00,6210817,Ponte de Sôr / Aeródromo,60.51620668399888,26.7,28.0,4.2,15.1,5,,1020.7,,ipma_open_data_recent_obs
proenca-a-nova,2026-04-05 13:00:00,1200571,Portalegre,61.81984947600854,24.6,26.0,2.6,9.4,4,0.0,1020.6,,ipma_open_data_recent_obs
proenca-a-nova,2026-04-05 13:00:00,6213619,Vila Nova de Poiares (CIM),62.03265805001196,26.9,29.0,1.3,4.7,7,0.0,,,ipma_open_data_recent_obs
proenca-a-nova,2026-04-05 13:00:00,1210687,Covilhã (Aeródromo),66.5454304967463,24.7,33.0,3.1,11.2,6,,,3029.8,ipma_open_data_recent_obs
proenca-a-nova,2026-04-05 13:00:00,6213617,Penacova / Hombres (CIM),66.98679640068855,,41.0,0.9,3.2,8,0.0,,,ipma_open_data_recent_obs
proenca-a-nova,2026-04-05 13:00:00,1210735,Chamusca / Chouto,67.20047361898695,25.6,36.0,4.1,14.8,4,0.0,1020.9,,ipma_open_data_recent_obs
proenca-a-nova,2026-04-05 13:00:00,1200548,Coimbra (Aeródromo),69.39909839557372,25.0,41.0,3.0,10.8,8,0.0,1020.7,3124.5,ipma_open_data_recent_obs
proenca-a-nova,2026-04-05 13:00:00,1210824,"Avis, Benavila",70.87226078107915,27.1,27.0,3.4,12.2,3,0.0,,2678.4,ipma_open_data_recent_obs
proenca-a-nova,2026-04-05 13:00:00,1210803,Zebreira,73.26086361851652,25.2,34.0,2.7,9.7,3,0.0,,3246.5,ipma_open_data_recent_obs
proenca-a-nova,2026-04-05 13:00:00,1210707,"Coimbra, Bencanta",73.51929564118201,25.4,48.0,1.3,4.7,7,0.0,,2876.0,ipma_open_data_recent_obs
proenca-a-nova,2026-04-05 13:00:00,6213620,Oliveira do Hospital (CIM),74.95747343161239,25.7,32.0,2.1,7.6,7,0.0,,,ipma_open_data_recent_obs
proenca-a-nova,2026-04-05 13:00:00,1200568,Penhas Douradas,78.91557963274721,18.4,42.0,3.6,13.0,3,,,2703.3,ipma_open_data_recent_obs
proenca-a-nova,2026-04-05 13:00:00,1210690,Aldeia Souto (Q. Lageosa),79.13409544476254,24.8,30.0,2.1,7.6,6,0.0,,3172.8,ipma_open_data_recent_obs
proenca-a-nova,2026-04-05 13:00:00,6213613,Coimbra / Mata de São Pedro (CIM),79.31530981985148,23.7,45.0,1.5,5.4,6,,,,ipma_open_data_recent_obs
proenca-a-nova,2026-04-05 14:00:00,1210806,"Proença-a-Nova, P.Moitas",1.0836885982346467,26.1,31.0,2.8,10.1,4,0.0,,2725.1,ipma_open_data_recent_obs
proenca-a-nova,2026-04-05 14:00:00,6214119,Pedrógão Grande (CMPG),32.791022073466564,26.2,28.0,3.7,13.3,6,0.0,1020.7,,ipma_open_data_recent_obs
proenca-a-nova,2026-04-05 14:00:00,1210812,Alvega,34.46411898340831,29.9,25.0,3.4,12.2,4,0.0,,,ipma_open_data_recent_obs
proenca-a-nova,2026-04-05 14:00:00,1200570,Castelo Branco,34.95401627821955,25.2,39.0,2.2,7.9,4,0.0,1020.0,3105.7,ipma_open_data_recent_obs
proenca-a-nova,2026-04-05 14:00:00,1210686,"Pampilhosa da Serra, Fajão",45.63823282147154,24.1,34.0,7.3,26.3,6,0.0,,,ipma_open_data_recent_obs
proenca-a-nova,2026-04-05 14:00:00,1210724,"Tomar, Valdonas",46.44760771523416,28.0,34.0,2.2,7.9,4,0.0,,3049.1,ipma_open_data_recent_obs
proenca-a-nova,2026-04-05 14:00:00,1210716,Ansião,49.93443905019327,28.0,28.0,2.7,9.7,5,0.0,,3136.9,ipma_open_data_recent_obs
proenca-a-nova,2026-04-05 14:00:00,1210698,Fundão,51.60033384206315,25.4,30.0,2.6,9.4,4,0.0,,2932.5,ipma_open_data_recent_obs
proenca-a-nova,2026-04-05 14:00:00,6213614,Góis / Quinta da Ribeira (CIM),52.55701700481932,,,2.2,7.9,7,,,,ipma_open_data_recent_obs
proenca-a-nova,2026-04-05 14:00:00,1210697,Lousã (Aeródromo),55.9434639704205,28.0,40.0,2.0,7.2,2,0.0,,,ipma_open_data_recent_obs
proenca-a-nova,2026-04-05 14:00:00,6213611,Arganil / Aeródromo (CIM),60.40092637629518,27.6,31.0,2.8,10.1,5,0.0,,,ipma_open_data_recent_obs
proenca-a-nova,2026-04-05 14:00:00,6210817,Ponte de Sôr / Aeródromo,60.51620668399888,27.3,28.0,,,0,,1020.0,,ipma_open_data_recent_obs
proenca-a-nova,2026-04-05 14:00:00,1200571,Portalegre,61.81984947600854,24.7,26.0,2.5,9.0,4,0.0,1020.1,,ipma_open_data_recent_obs
proenca-a-nova,2026-04-05 14:00:00,6213619,Vila Nova de Poiares (CIM),62.03265805001196,28.2,26.0,1.2,4.3,7,0.0,,,ipma_open_data_recent_obs
proenca-a-nova,2026-04-05 14:00:00,1210687,Covilhã (Aeródromo),66.5454304967463,25.3,31.0,3.3,11.9,5,,,2972.3,ipma_open_data_recent_obs
proenca-a-nova,2026-04-05 14:00:00,6213617,Penacova / Hombres (CIM),66.98679640068855,,37.0,1.8,6.5,2,0.0,,,ipma_open_data_recent_obs
proenca-a-nova,2026-04-05 14:00:00,1210735,Chamusca / Chouto,67.20047361898695,26.6,35.0,3.2,11.5,4,0.0,1020.2,,ipma_open_data_recent_obs
proenca-a-nova,2026-04-05 14:00:00,1200548,Coimbra (Aeródromo),69.39909839557372,26.0,38.0,2.4,8.6,8,0.0,1020.0,2899.0,ipma_open_data_recent_obs
proenca-a-nova,2026-04-05 14:00:00,1210824,"Avis, Benavila",70.87226078107915,27.6,28.0,2.9,10.4,3,0.0,,2686.8,ipma_open_data_recent_obs
proenca-a-nova,2026-04-05 14:00:00,1210803,Zebreira,73.26086361851652,26.1,31.0,2.3,8.3,4,0.0,,3187.0,ipma_open_data_recent_obs
proenca-a-nova,2026-04-05 14:00:00,1210707,"Coimbra, Bencanta",73.51929564118201,27.4,40.0,2.3,8.3,7,0.0,,2866.4,ipma_open_data_recent_obs
proenca-a-nova,2026-04-05 14:00:00,6213620,Oliveira do Hospital (CIM),74.95747343161239,26.3,31.0,3.4,12.2,7,0.0,,,ipma_open_data_recent_obs
proenca-a-nova,2026-04-05 14:00:00,1200568,Penhas Douradas,78.91557963274721,18.7,41.0,3.9,14.0,3,,,2931.2,ipma_open_data_recent_obs
proenca-a-nova,2026-04-05 14:00:00,1210690,Aldeia Souto (Q. Lageosa),79.13409544476254,25.5,29.0,,,0,,,,ipma_open_data_recent_obs
proenca-a-nova,2026-04-05 14:00:00,6213613,Coimbra / Mata de São Pedro (CIM),79.31530981985148,24.7,38.0,1.8,6.5,7,,,,ipma_open_data_recent_obs
