area_id,station_id,station_name,station_lon,station_lat,distance_km
proenca-a-nova,1210806,"Proença-a-Nova, P.Moitas",-7.86666667,39.73333333,1.0836885982346467
proenca-a-nova,6214119,Pedrógão Grande (CMPG),-8.150912,39.926573,32.791022073466564
proenca-a-nova,1210812,Alvega,-8.05,39.46666667,34.46411898340831
proenca-a-nova,1200570,Castelo Branco,-7.46678889,39.83339444,34.95401627821955
proenca-a-nova,1210686,"Pampilhosa da Serra, Fajão",-7.92704,40.145653,45.63823282147154
proenca-a-nova,1210724,"Tomar, Valdonas",-8.36666667,39.6,46.44760771523416
proenca-a-nova,1259201,Lousã/Trevim,-8.17904215,40.09328521,48.13972470575691
proenca-a-nova,1259202,Lousã/Candal,-8.20484533,40.08090803,48.352432640620584
proenca-a-nova,1210716,Ansião,-8.4,39.9,49.93443905019327
proenca-a-nova,1210698,Fundão,-7.55362778,40.14063611,51.60033384206315
proenca-a-nova,6213618,Penela / Serra do Espinhal (CIM),-8.334616,40.028817,52.13565328019446
proenca-a-nova,6213614,Góis / Quinta da Ribeira (CIM),-8.103238,40.171642,52.55701700481932
proenca-a-nova,1210697,Lousã (Aeródromo),-8.244066,40.143922,55.9434639704205
proenca-a-nova,6213611,Arganil / Aeródromo (CIM),-7.974399,40.274578,60.40092637629518
proenca-a-nova,6210817,Ponte de Sôr / Aeródromo,-8.05417,39.21536,60.516206683998874
proenca-a-nova,1200571,Portalegre,-7.41996944,39.29546944,61.81984947600854
proenca-a-nova,6213619,Vila Nova de Poiares (CIM),-8.241995,40.211411,62.03265805001196
proenca-a-nova,6213621,Soure (CIM),-8.504909,40.02927,64.24007558933884
proenca-a-nova,1240820,Portalegre (cidade),-7.42088333,39.2675444,64.27152132019057
proenca-a-nova,1210687,Covilhã (Aeródromo),-7.482302,40.264309,66.5454304967463
proenca-a-nova,6213617,Penacova / Hombres (CIM),-8.198685,40.280921,66.98679640068855
proenca-a-nova,1210735,Chamusca / Chouto,-8.3508,39.27,67.20047361898695
proenca-a-nova,1210723,Ourém / Fátima,-8.6489,39.6217,69.26278182685729
proenca-a-nova,1200548,Coimbra (Aeródromo),-8.46669167,40.15006944,69.39909839557372
proenca-a-nova,1210824,"Avis, Benavila",-7.86666667,39.1,70.87226078107915
proenca-a-nova,1210803,Zebreira,-7.01666667,39.86666667,73.26086361851652
proenca-a-nova,1210707,"Coimbra, Bencanta",-8.45515277,40.2134694,73.51929564118201
proenca-a-nova,6213620,Oliveira do Hospital (CIM),-7.867972,40.413306,74.95747343161239
proenca-a-nova,1259204,Seia/Senhora do Espinheiro,-7.673406,40.412775,76.489913239501
proenca-a-nova,6213019,Santa Comba Dão (CIM),-8.13996389,40.39644722,76.99449891838135
proenca-a-nova,1200568,Penhas Douradas,-7.55865278,40.41136667,78.91557963274721
proenca-a-nova,1210690,Aldeia Souto (Q. Lageosa),-7.38931111,40.35425833,79.13409544476254
proenca-a-nova,6213613,Coimbra / Mata de São Pedro (CIM),-8.374887,40.330787,79.31530981985148
proenca-a-nova,1259203,Seia/Aeródromo,-7.68614846,40.45517056,80.90265371972114
proenca-a-nova,6213012,Carregal do Sal (CIM),-7.92626389,40.46718056,81.15546817190642
proenca-a-nova,1240916,Leiria,-8.810466,39.744764,81.83342778114537
proenca-a-nova,1210718,Leiria (Aeródromo),-8.818166,39.780553,82.60227091671014
proenca-a-nova,6213616,Mortágua / Aeródromo (CIM),-8.232142,40.426239,82.85687294683864
proenca-a-nova,6213615,Mealhada / Quinta do Vale (CIM),-8.4388429,40.373343,86.29563077177842
proenca-a-nova,1210685,Nelas,-7.85,40.51666667,86.4292058792482
proenca-a-nova,1210550,Coruche / Cruz Do Leão,-8.4,39.07101,87.66748364897076
proenca-a-nova,6213612,Cantanhede / Fonte Dom Pedro (CIM),-8.577613,40.341894,91.03106657163572
proenca-a-nova,6213015,Nelas / Vilar Seco (CIM),-7.83693333,40.56577222,91.89476315309801
proenca-a-nova,1210705,Anadia,-8.439996,40.438852,92.37483923860586
proenca-a-nova,1210826,Mora,-8.16406,38.94068,92.45512519740359
proenca-a-nova,1210713,"Figueira da Foz, Vila Verde",-8.805945,40.139764,92.63898286426021
proenca-a-nova,6213021,"Tondela, Caramulinho (CIM)",-8.20829722,40.54575278,94.5561165534015
proenca-a-nova,1210734,"Santarém, Fonte Boa",-8.736656,39.201216,96.44209938227648
proenca-a-nova,1210800,"Sabugal, Martim Rei",-7.03693333,40.33918056,96.61891672254166
proenca-a-nova,1210726,Alcobaça,-8.96666667,39.51666667,98.49860755948235
proenca-a-nova,6213014,Mangualde / Chãs de Tavares  (CIM),-7.60838889,40.61096111,99.16336291114641
proenca-a-nova,1210721,São Pedro de Moel,-9.03058889,39.76361944,100.72328630937585
proenca-a-nova,1210837,Estremoz,-7.51666667,38.86666667,101.0936142837802
proenca-a-nova,1210683,Guarda,-7.26666667,40.53333333,101.55645268151683
proenca-a-nova,6213023,Vouzela (CIM),-8.05106389,40.64405556,101.93921466298184
proenca-a-nova,1210729,Rio Maior,-8.93333333,39.35,102.16550563592861
proenca-a-nova,1240675,Viseu (Cidade),-7.9039694,40.662738,102.7303913513665
proenca-a-nova,6213017,Penalva do Castelo (CIM),-7.69655278,40.65706389,102.91524155239682
proenca-a-nova,1210744,Coruche,-8.51073611,38.94096667,104.99542055742596
proenca-a-nova,6213024,Viseu / Torredeita (CIM),-8.13344167,40.67424167,106.58024598178362
proenca-a-nova,1200560,Viseu (C.Coordenação),-7.89592222,40.71492222,108.49717942807304
proenca-a-nova,1200559,Viseu (Aeródromo),-7.887472,40.72645,109.75666259850391
proenca-a-nova,1210704,Dunas de Mira,-8.76168055,40.445955,110.19094938816666
proenca-a-nova,1210835,Elvas,-7.13976111,38.8908,112.54309251096552
proenca-a-nova,6213016,Oliveira de Frades (CIM),-8.20133889,40.716925,112.57506939969863
proenca-a-nova,6213020,Satão (CIM),-7.72019722,40.76072778,114.11456933134484
proenca-a-nova,1210702,Aveiro (Universidade),-8.65958333,40.63529722,120.8543844594713
proenca-a-nova,6213011,Aguiar da Beira (CIM),-7.53371944,40.81203611,122.33354108192896
proenca-a-nova,6213018,São Pedro do Sul (CIM),-8.11568056,40.83031944,123.25572196018126
proenca-a-nova,1210666,"Trancoso, Bandarra",-7.36666667,40.78333333,123.2738764217853
proenca-a-nova,6213022,Vila Nova de Paiva (CIM),-7.72716389,40.85595,124.58529492809373
proenca-a-nova,1210846,Montemor-O-Novo,-8.1991,38.6451,124.93723957084445
proenca-a-nova,1200558,Évora (C.Coordenação),-7.88338056,38.53336389,133.79074165123316
proenca-a-nova,1200843,Évora (Aeródromo),-7.8916,38.5296,134.22300802682471
proenca-a-nova,5210758,Alcochete / Campo Tiro,-8.7825,38.7627,134.6472612236945
proenca-a-nova,1210669,Arouca,-8.25,40.93333333,136.8604263777054
proenca-a-nova,1210739,"Torres Vedras, Dois Portos",-9.179,39.04389444,137.61189331234374
proenca-a-nova,6213013,Castro Daire / Mézio (CIM),-7.88318889,40.98086111,137.99579124819266
proenca-a-nova,1210767,Pegões,-8.63503,38.65079,138.23191877574376
proenca-a-nova,1200531,Cabo Carvoeiro,-9.40737778,39.38,139.14996572627442
proenca-a-nova,1210671,"F. Castelo Rodrigo, V.Torpim",-6.88333333,40.75,139.5207478491918
proenca-a-nova,1210663,Moimenta da Beira,-7.6,40.98333333,139.94732385340208
proenca-a-nova,1210840,"Reguengos, S. P. do Corval",-7.4729166,38.484866,143.0383789654104
proenca-a-nova,1210665,Mêda,-7.2569,40.9689,145.81043492567713
proenca-a-nova,1210746,Santa Cruz (Aeródromo),-9.3790388,39.12594166,147.7191969169445
proenca-a-nova,1210580,"Lisboa, Relógio",-9.1254,38.7618,154.1518308336307
proenca-a-nova,1210766,"Barreiro, Lavradio",-9.04766111,38.67448611,156.67046108299598
proenca-a-nova,6215302,"Lisboa, Carnide (CML)",-9.1855,38.7751,156.86391860638295
proenca-a-nova,1210847,Viana do Alentejo,-8.04553888,38.3319194,156.99269871057584
proenca-a-nova,1210848,"Portel, Oriola",-7.86666667,38.31666667,157.82665161322208
proenca-a-nova,1200535,Lisboa (Geofísico),-9.14972222,38.71907778,159.01452459474112
proenca-a-nova,1240929,"Setúbal, Areias",-8.89066111,38.54846667,159.53644173220067
proenca-a-nova,1210770,Setúbal,-8.89077058,38.54846008,159.54235645346702
proenca-a-nova,7240919,"Lisboa, Amoreiras (LFCL)",-9.1649,38.7239,159.55697744888155
proenca-a-nova,1210657,Luzim,-8.2490333,41.14585,159.81970129731397
proenca-a-nova,1210655,"Pinhão, Santa Bárbara",-7.5489722,41.172775,161.40084642396792
proenca-a-nova,1210776,"Alcácer do Sal, Barrosinha",-8.48333333,38.36666667,161.67176037276712
proenca-a-nova,1210762,"Lisboa, Tapada da Ajuda",-9.182825,38.70956111,161.78496101874705
proenca-a-nova,1240935,Amadora,-9.24244,38.757579,161.80768821679354
proenca-a-nova,6215360,Oeiras / Vila Fria (CMO),-9.2939255,38.7239536,167.62879640030957
proenca-a-nova,1240546,"Porto, Serra do Pilar",-8.6025,41.1385194,167.89522935184385
proenca-a-nova,1240903,"Porto, Massarelos",-8.62598,41.15257,170.093902869249
proenca-a-nova,1210752,Sintra/Tapada do Mouco,-9.400398,38.781669,170.44173785929672
proenca-a-nova,1200567,Vila Real,-7.7171,41.27418611,170.95628490234137
proenca-a-nova,1210773,"Almada, P.Rainha",-9.212804,38.617111,171.0019814824661
proenca-a-nova,1210747,"Sintra, Colares",-9.46,38.8126,172.40170121112112
proenca-a-nova,1210644,Carrazêda de Ansiães,-7.28333333,41.23333333,172.9628172401951
proenca-a-nova,1210649,S. Gens,-8.64445,41.18445,173.95846935813796
proenca-a-nova,1240566,Vila Real (Cidade),-7.740522,41.30898056,174.68921669073225
proenca-a-nova,1210654,Moncorvo,-7.01666667,41.18333333,175.53476982140648
proenca-a-nova,1210643,Paços Ferreira,-8.38012,41.27365,176.18852174438996
proenca-a-nova,1210750,Cabo da Roca,-9.4975361,38.78171,177.0727944431928
proenca-a-nova,1210851,Amareleja,-7.2261,38.2007,179.2055418270558
proenca-a-nova,1200545,"Porto, Pedras Rubras (Aeródromo)",-8.681332,41.233502,180.18165916361434
proenca-a-nova,1210765,Cabo Raso,-9.48538333,38.70900833,181.2684002319786
proenca-a-nova,1200562,Beja,-7.867275,38.02493056,190.20907547539758
proenca-a-nova,6212410,Vila Nova Famalicão (CIM),-8.52185,41.3882,191.69919499252225
proenca-a-nova,1210625,Guimarães,-8.3178,41.4289,191.76514745427076
proenca-a-nova,1210630,Cabeceiras de Basto,-7.96666667,41.53333333,199.55363943397867
proenca-a-nova,1210637,Mogadouro,-6.73333333,41.33333333,201.03021335288344
proenca-a-nova,1210783,Alvalade,-8.394504,37.946806,204.3022979260083
proenca-a-nova,1210632,Mirandela,-7.19083889,41.51478611,205.13661497781553
proenca-a-nova,6212124,Braga (CIM),-8.42514722,41.53568333,205.32194107267216
proenca-a-nova,1210622,"Braga, Merelim",-8.45003056,41.56678056,209.17385362993187
proenca-a-nova,6212125,Barcelos (CIM),-8.62705278,41.529375,209.32002721661198
proenca-a-nova,6212126,Esposende (CIM),-8.77984444,41.52645556,213.40021913644762
proenca-a-nova,1200541,Sines,-8.838271,37.954504,215.6071583990199
proenca-a-nova,6212123,Vila Verde (CIM),-8.43398056,41.64686111,217.50223099676313
proenca-a-nova,6212122,Amares Caldelas (CIM),-8.37977778,41.66796389,218.81246343713585
proenca-a-nova,1210619,Cabril,-8.01666667,41.71666667,220.11509697039608
proenca-a-nova,6212121,Terras de Bouro/Barral (CIM),-8.31808611,41.70225278,221.56334403721922
proenca-a-nova,1210863,"Mértola, Vale Formoso",-7.55,37.75,222.31686265475437
proenca-a-nova,1210633,"Macedo Cavaleiros, Bagueixe",-6.78333333,41.56666667,222.36904266734925
proenca-a-nova,1210616,Chaves (Aeródromo),-7.46540833,41.72516667,223.0892662440017
proenca-a-nova,6211218,Ponte De Lima - Anais (CIM),-8.522444,41.698083,224.80022955420944
proenca-a-nova,1200551,"Viana Castelo, Chafé",-8.804606,41.648875,226.8128173677338
proenca-a-nova,1210615,Ponte de Lima,-8.56671389,41.75013889,231.33851531870462
proenca-a-nova,1210611,Montalegre,-7.78797778,41.82276667,231.5503311917454
proenca-a-nova,1240610,Viana do Castelo,-8.82916,41.695,232.328323108817
proenca-a-nova,6211217,Viana Do Castelo - Fonte Louçã (CIM),-8.815306,41.745722,237.19233036899863
proenca-a-nova,6211216,Arcos De Valdevez - Heliporto (CIM),-8.44375,41.831,237.63247511192506
proenca-a-nova,1210635,Miranda do Douro,-6.28333333,41.51666667,238.10470091071124
proenca-a-nova,6211214,Ponte Da Barca - Lindoso (CIM),-8.192542,41.872525,238.70310100202795
proenca-a-nova,1210864,"Castro Verde, N.Corvo",-7.97211389,37.57655833,240.18597457832837
proenca-a-nova,1210612,Vinhais,-7.0034416,41.8434,244.58577436432628
proenca-a-nova,6211215,Caminha - Agra De Baixo (CIM),-8.715642,41.847817,245.2409680566352
proenca-a-nova,6211213,Paredes De Coura - Vascões (CIM),-8.492111,41.913444,247.44131783676147
proenca-a-nova,1200575,Bragança,-6.74283889,41.80388889,247.874835673676
proenca-a-nova,1210785,Ourique / Santana Da Serra,-8.3019,37.5025,251.21338315275005
proenca-a-nova,1210788,Zambujeira,-8.74286944,37.58195833,251.51345639398517
proenca-a-nova,6211212,Vila Nova De Cerveira- Alto Pena (CIM),-8.711917,41.920056,252.8151123536685
proenca-a-nova,1200576,Bragança (Aeródromo),-6.70796389,41.85763611,254.50007288702574
proenca-a-nova,1210577,"Odemira, S.Teotónio",-8.72899167,37.54710833,254.84009431541222
proenca-a-nova,1210865,"Alcoutim, Mart.Longo",-7.76666667,37.43333333,255.986381090905
proenca-a-nova,1210606,"Lamas de Mouro, P.Ribeiro",-8.18333333,42.03333333,256.3577137216298
proenca-a-nova,1210604,V.N.Cerveira (Aeródromo),-8.66676111,41.96673056,256.74055548207656
proenca-a-nova,6211211,Monção - Guimil (CIM),-8.421872,42.042944,260.3415411137276
proenca-a-nova,1210605,"Monção, Valinha",-8.383347,42.06669,262.3641428616377
proenca-a-nova,1210553,Loulé / Cavalos De Caldeirão,-7.9534,37.3042,270.3344627701896
proenca-a-nova,1210790,Fóia,-8.595733,37.3143,276.7044751482395
proenca-a-nova,1210789,Aljezur,-8.80001667,37.31675278,281.1293717710014
proenca-a-nova,1210867,Castro Marim (RN Sapal),-7.45,37.21666667,282.1447318706578
proenca-a-nova,1210866,Vila Real de S.António,-7.416325,37.1871055,285.78012919079424
proenca-a-nova,6210872,Loulé (CML),-8.06523593,37.129946,290.1161414851244
proenca-a-nova,1210883,Tavira,-7.62050375,37.12166968,291.1832171581622
proenca-a-nova,1210878,Portimão (Aeródromo),-8.581389,37.149167,294.3010180405881
proenca-a-nova,1210874,Albufeira,-8.262,37.0935,295.7188569120983
proenca-a-nova,6210879,Portimão (Praia da Rocha),-8.52946314,37.11670461,296.89216087049994
proenca-a-nova,1210881,"Olhão, EPPO",-7.821,37.033,300.3138120848579
proenca-a-nova,1200554,Faro (Aeródromo),-7.971953,37.016579,302.29120868015303
proenca-a-nova,1200533,Sagres,-8.949089,37.012835,317.25428567267
proenca-a-nova,1200524,Porto Santo,-16.34868,33.074029,1060.7202067523708
proenca-a-nova,1210978,"Madeira, S. Lourenço",-16.706,32.747,1110.0399232268664
proenca-a-nova,1210960,"Madeira, S. Jorge, Santana",-16.906219,32.83446944,1115.9605677486204
proenca-a-nova,1210965,"Madeira, Santana",-16.8864166,32.808238,1116.7642565120082
proenca-a-nova,1200521,Santa Catarina (Aeródromo),-16.77612,32.69688,1118.5911354671673
proenca-a-nova,1210975,"Madeira, Santo da Serra",-16.816822,32.7258972,1118.8660799883653
proenca-a-nova,1210974,"Madeira, Pico do Areeiro",-16.928271,32.735107,1125.3295976131915
proenca-a-nova,1210973,"Madeira, Areeiro",-16.91666667,32.71666667,1126.0558418946673
proenca-a-nova,1210972,"Madeira, Pico Alto",-16.903955,32.693491,1127.0949972065314
proenca-a-nova,1210967,"Madeira, São Vicente",-17.044722,32.8001833,1127.7317381294645
proenca-a-nova,1210977,"Madeira, Cancela",-16.86575,32.64500556,1128.5403562514462
proenca-a-nova,1210976,"Madeira, Monte",-16.906944,32.675833,1128.7082123587368
proenca-a-nova,1200522,Funchal,-16.888,32.64786,1129.7411321108157
proenca-a-nova,1210956,"Madeira, Porto Moniz",-17.171373,32.867477,1130.7593638669753
proenca-a-nova,1210970,"Madeira, Bica da Cana",-17.0576888,32.75646944,1132.0503089989534
proenca-a-nova,1240971,"Madeira, Funchal, Lido",-16.935592,32.63655,1133.719225316658
proenca-a-nova,1210980,"Madeira, Lombo da Terça",-17.202,32.831,1135.6479943277702
proenca-a-nova,1210984,"Madeira, Quinta Grande",-17.01503611,32.6629722,1136.734392861647
proenca-a-nova,1210990,"Madeira, Calheta",-17.26321389,32.81384167,1141.0450962439395
proenca-a-nova,1210986,Ponta do Sol/Lugar de Baixo,-17.104167,32.681502,1141.051008813458
proenca-a-nova,1210987,Prazeres (Calheta),-17.201551,32.757205,1141.428422589661
proenca-a-nova,1210520,Ilhas selvagens,-15.869153,30.140595,1290.8433187345806
proenca-a-nova,1210932,"S. Miguel, Nordeste",-25.150108,37.83256,1515.049177907849
proenca-a-nova,11217165,Santa Maria / Maia (DROTRH),-25.0176,36.9412,1529.6274289542255
proenca-a-nova,11217255,São Miguel / Lagoa das Furnas (DROTRH),-25.3291,37.7619,1532.2105712046641
proenca-a-nova,11217160,Santa Maria / Praia Formosa (DROTRH),-25.0917,36.9542,1535.522344911425
proenca-a-nova,1200515,Santa Maria (Aeródromo),-25.1679,36.967175,1541.6003872670385
proenca-a-nova,11217217,São Miguel / Santana (DROTRH),-25.5618,37.8049,1551.0204507840324
proenca-a-nova,1210513,P. Delgada (Obs. A. Chaves),-25.662283,37.7464,1561.1483145644356
proenca-a-nova,1200512,P. Delgada (Aeródromo),-25.6953048,37.74414,1564.0355741505057
proenca-a-nova,1210518,São Miguel - Pico Santos De Cima,-25.7512,37.819,1566.8806308093417
proenca-a-nova,11217225,São Miguel / Sete Cidades (DROTRH),-25.772,37.8679,1567.4161368051373
proenca-a-nova,11217372,Terceira / Serra do Cume (DROTRH),-27.1031,38.7002,1662.9538869028747
proenca-a-nova,1200511,Angra do Heroísmo,-27.216567,38.6659435,1673.341339377457
proenca-a-nova,11217370,Terceira / Ribeira das Nove (DROTRH),-27.3245,38.754,1680.8827389900232
proenca-a-nova,11217430,Graciosa / Serra das Fontes (DROTRH),-28.0038,39.0672,1733.3570579639227
proenca-a-nova,1200507,Graciosa (Aeródromo),-28.02852,39.09036,1735.0761045576394
proenca-a-nova,11217510,São Jorge / Pico do Areeiro (DROTRH),-28.0591,38.6435,1745.948423812139
proenca-a-nova,11217645,Pico / Cabecinho (DROTRH),-28.1141,38.4338,1754.9952491888337
proenca-a-nova,1200510,São Jorge,-28.17,38.66,1755.116430929131
proenca-a-nova,11217625,Pico / Cabeço do Teicho (DROTRH),-28.3534,38.489,1774.325327933153
proenca-a-nova,1200504,Pico (Aeródromo),-28.44137,38.55219,1780.5423845393445
proenca-a-nova,1200506,Horta (Obs. Principe Alberto),-28.63225,38.540781,1797.126633481677
proenca-a-nova,11217710,Faial / Alto do Cabouco (DROTRH),-28.6992,38.587,1801.9062216960417
proenca-a-nova,1200505,Horta / Aeroporto,-28.7128,38.5211,1804.4355624992177
proenca-a-nova,11217730,Faial / Cabeço Verde (DROTRH),-28.7576,38.5843,1806.9623439401014
proenca-a-nova,1200502,Corvo (Aeródromo),-31.11362,39.67389,1988.9384051562165
proenca-a-nova,1200501,Flores (Aeródromo),-31.1301,39.45819,1993.6841829409639
proenca-a-nova,1210517,Flores / Morro Alto,-31.2207,39.4633,2001.3159543968322
proenca-a-nova,1210907,Faja / Ilha das Flores,-31.2647,39.45328,2005.224596336668
