candidate_date,season_phase,hotspot_flag,burned_area_context_flag,pt_firesprd_flag,candidate_kind,source_dataset,source_municipality,source_fire_name,start_date,end_date,extent_ha,confidence_flag,incident_id,notes,hourly_observation_count,temperature_min_c,temperature_mean_c,temperature_max_c,relative_humidity_min_pct,relative_humidity_mean_pct,relative_humidity_max_pct,precipitation_total_mm,wind_speed_mean_ms,wind_speed_max_ms,wind_gust_max_ms,dry_day_flag,temperature_max_percentile,relative_humidity_min_percentile,wind_speed_max_percentile,wind_gust_max_percentile,precipitation_total_percentile,simple_weather_risk_score,simple_weather_risk_percentile,candidate_weather_kind,weather_context_source,noon_time_local,noon_observation_hour_local,noon_temperature_c,noon_relative_humidity_pct,noon_wind_speed_ms,noon_wind_speed_kmh,fwi_input_temperature_c,fwi_input_relative_humidity_pct,fwi_input_wind_kmh,fwi_input_rain_mm,ffmc_reference,dmc_reference,dc_reference,isi_reference,bui_reference,fwi_reference,fwi_reference_percentile,fwi_reference_class,kbdi_reference,kbdi_reference_percentile,kbdi_reference_class,fire_index_reference_score,fire_index_reference_percentile,fire_index_reference_kind,candidate_index_kind,index_context_source
2015-08-03,peak_summer,,True,True,pt_firesprd_nearby_event,PT-FireSprd_v2.0,Oleiros,Oleiros_03082015,2015-08-03,2015-08-04,853,2,2015050020535,Seed gerado apenas a partir de PT-FireSprd e proximidade municipal. Weather context enriched from daily weather reference. Index context enriched from daily fire weather reference.,,,,,,,,,,,,,,,,,,,,missing_weather_context,weather_daily_reference,,,,,,,,,,,,,,,,,,,,,,,,,missing_index_context,weather_daily_reference
2017-07-23,early_summer,,True,True,pt_firesprd_nearby_event,PT-FireSprd_v2.0,Castelo Branco,CasteloBranco_23072017,2017-07-23,2017-07-28,4569,3,2017050023219,Seed gerado apenas a partir de PT-FireSprd e proximidade municipal. Weather context enriched from daily weather reference. Index context enriched from daily fire weather reference.,24.0,15.0,22.929166666666664,32.1,24.0,53.583333333333336,80.0,0.0,3.299583333333333,6.7,13.6,True,0.8912382111347733,0.8757225433526011,0.9129905689078187,0.8863705506540919,0.3346516580468512,0.890204,0.9948281107392759,critical_weather_context,weather_daily_reference,2017-07-23 12:00:00,12,28.0,31.0,2.53,9.107999999999999,28.0,31.0,9.108,0.0,95.809,241.162,687.564,15.296,256.983,51.958,0.8874353513842409,extreme,514.729,0.747185883784606,high,0.845361,0.8795254031031335,elevated_index_context,elevated_index_context,weather_daily_reference
2017-07-23,early_summer,,True,True,pt_firesprd_nearby_event,PT-FireSprd_v2.0,Serta,Serta_23072017,2017-07-23,2017-07-27,33401,3,2017050023195,Seed gerado apenas a partir de PT-FireSprd e proximidade municipal. Weather context enriched from daily weather reference. Index context enriched from daily fire weather reference.,24.0,15.0,22.929166666666664,32.1,24.0,53.583333333333336,80.0,0.0,3.299583333333333,6.7,13.6,True,0.8912382111347733,0.8757225433526011,0.9129905689078187,0.8863705506540919,0.3346516580468512,0.890204,0.9948281107392759,critical_weather_context,weather_daily_reference,2017-07-23 12:00:00,12,28.0,31.0,2.53,9.107999999999999,28.0,31.0,9.108,0.0,95.809,241.162,687.564,15.296,256.983,51.958,0.8874353513842409,extreme,514.729,0.747185883784606,high,0.845361,0.8795254031031335,elevated_index_context,elevated_index_context,weather_daily_reference
2017-08-13,peak_summer,,True,True,pt_firesprd_nearby_event,PT-FireSprd_v2.0,Castelo Branco,CasteloBranco_13082017,2017-08-13,2017-08-15,6173,2,2017050025136,Seed gerado apenas a partir de PT-FireSprd e proximidade municipal. Weather context enriched from daily weather reference. Index context enriched from daily fire weather reference.,24.0,20.0,27.883333333333336,35.8,13.0,31.75,49.0,0.0,2.0725000000000002,4.46,9.1,True,0.9694250076057195,0.9940675387891694,0.45984180103437783,0.39899604502585945,0.3346516580468512,0.789337,0.923942804989352,critical_weather_context,weather_daily_reference,2017-08-13 12:00:00,12,33.2,16.0,1.13,4.068,33.2,16.0,4.068,0.0,96.399,334.401,862.772,12.851,339.67,46.871,0.8472771524186188,extreme,593.823,0.8570124733799818,high,0.850198,0.8840888348037724,elevated_index_context,elevated_index_context,weather_daily_reference
2017-08-23,peak_summer,,True,True,pt_firesprd_nearby_event,PT-FireSprd_v2.0,Oleiros,Oleiros_23082017,2017-08-23,2017-08-25,7985,3,2017050026111,Seed gerado apenas a partir de PT-FireSprd e proximidade municipal. Weather context enriched from daily weather reference. Index context enriched from daily fire weather reference.,24.0,18.8,25.40416666666667,33.9,23.0,49.25,74.0,0.0,2.63125,5.33,10.9,True,0.9323090964405233,0.8913903255247947,0.6975965926376635,0.6440523273501674,0.3346516580468512,0.829852,0.9650136902951019,critical_weather_context,weather_daily_reference,2017-08-23 12:00:00,12,31.0,30.0,2.21,7.956,31.0,30.0,7.956,0.0,96.915,381.216,948.198,16.753,381.183,55.352,0.9129905689078187,extreme,630.207,0.9066017645269242,extreme,0.911074,0.9443261332522057,critical_index_context,critical_index_context,weather_daily_reference
2017-09-08,late_summer,,True,True,pt_firesprd_nearby_event,PT-FireSprd_v2.0,Serta,Serta_08092017,2017-09-08,2017-09-09,4177,3,2017050027511,Seed gerado apenas a partir de PT-FireSprd e proximidade municipal. Weather context enriched from daily weather reference. Index context enriched from daily fire weather reference.,24.0,16.3,22.275000000000002,30.6,16.0,43.541666666666664,69.0,0.0,3.233333333333333,6.5,13.0,True,0.8465165804685123,0.9733799817462732,0.8962579860054761,0.8536659567995132,0.3346516580468512,0.895596,0.9963492546394889,critical_weather_context,weather_daily_reference,2017-09-08 12:00:00,12,28.5,20.0,2.36,8.496,28.5,20.0,8.496,0.0,96.821,432.688,1060.382,16.999,432.529,55.869,0.9184666869485854,extreme,660.396,0.9641010039549741,extreme,0.932157,0.9610587161545482,critical_index_context,critical_index_context,weather_daily_reference
2017-10-15,off_window,,True,True,pt_firesprd_nearby_event,PT-FireSprd_v2.0,Serta,Serta_15102017,2017-10-15,2017-10-17,30974,4,2017050030693,Seed gerado apenas a partir de PT-FireSprd e proximidade municipal. Weather context enriched from daily weather reference. Index context enriched from daily fire weather reference.,24.0,19.0,25.333333333333332,32.6,15.0,30.666666666666668,46.0,0.0,3.07375,6.23,13.6,True,0.9015819896562215,0.9814420444174019,0.8691816245816855,0.8863705506540919,0.3346516580468512,0.916778,0.9981746273197445,critical_weather_context,weather_daily_reference,2017-10-15 12:00:00,12,28.8,25.0,3.22,11.592,28.8,25.0,11.592,0.0,98.742,541.735,1275.308,25.621,541.044,71.669,0.9838758746577426,extreme,706.915,0.9996957712199575,extreme,0.988622,0.9975661697596593,critical_index_context,critical_index_context,weather_daily_reference
2017-10-15,off_window,,True,True,pt_firesprd_nearby_event,PT-FireSprd_v2.0,Serta,Serta_15102017_2,2017-10-15,2017-10-16,2320,3,2017050030728,Seed gerado apenas a partir de PT-FireSprd e proximidade municipal. Weather context enriched from daily weather reference. Index context enriched from daily fire weather reference.,24.0,19.0,25.333333333333332,32.6,15.0,30.666666666666668,46.0,0.0,3.07375,6.23,13.6,True,0.9015819896562215,0.9814420444174019,0.8691816245816855,0.8863705506540919,0.3346516580468512,0.916778,0.9981746273197445,critical_weather_context,weather_daily_reference,2017-10-15 12:00:00,12,28.8,25.0,3.22,11.592,28.8,25.0,11.592,0.0,98.742,541.735,1275.308,25.621,541.044,71.669,0.9838758746577426,extreme,706.915,0.9996957712199575,extreme,0.988622,0.9975661697596593,critical_index_context,critical_index_context,weather_daily_reference
2019-07-20,early_summer,,True,True,pt_firesprd_nearby_event,PT-FireSprd_v2.0,Vila de Rei,ViladeRei_20072019,2019-07-20,2019-07-22,9305,3,2019050022178,Seed gerado apenas a partir de PT-FireSprd e proximidade municipal. Weather context enriched from daily weather reference. Index context enriched from daily fire weather reference.,24.0,17.5,23.995833333333334,32.1,30.0,56.541666666666664,84.0,0.0,3.344583333333333,6.15,12.8,True,0.8912382111347733,0.7794341344691208,0.8556434438697901,0.8398235473075752,0.3346516580468512,0.842866,0.9759659263766353,critical_weather_context,weather_daily_reference,2019-07-20 12:00:00,12,29.2,34.0,2.38,8.568,29.2,34.0,8.568,0.0,93.106,196.987,702.624,10.256,231.627,40.082,0.8028597505324003,extreme,483.976,0.7179799209005172,high,0.777396,0.8065104958929115,elevated_index_context,elevated_index_context,weather_daily_reference
2019-09-13,late_summer,,True,True,pt_firesprd_nearby_event,PT-FireSprd_v2.0,Serta,Serta_13092019,2019-09-13,2019-09-14,676,4,2019050028005,Seed gerado apenas a partir de PT-FireSprd e proximidade municipal. Weather context enriched from daily weather reference. Index context enriched from daily fire weather reference.,24.0,20.6,24.133333333333336,31.0,22.0,42.208333333333336,54.0,0.0,3.954166666666667,6.82,17.0,True,0.8589899604502585,0.9047763918466687,0.9237906905993307,0.9631883176148464,0.3346516580468512,0.901316,0.9969577121995741,critical_weather_context,weather_daily_reference,2019-09-13 12:00:00,12,29.1,29.0,4.96,17.856,29.1,29.0,17.856,0.0,96.466,160.388,1047.481,25.976,231.977,71.373,0.9829631883176149,extreme,651.089,0.9415880742318223,extreme,0.970551,0.9864618192881046,critical_index_context,critical_index_context,weather_daily_reference
2020-06-30,early_summer,,True,True,pt_firesprd_nearby_event,PT-FireSprd_v2.0,Idanha-a-Nova,IdanhaaNova_30062020,2020-06-30,2020-06-30,728,4,2020050015270,Seed gerado apenas a partir de PT-FireSprd e proximidade municipal. Weather context enriched from daily weather reference. Index context enriched from daily fire weather reference.,24.0,16.8,23.920833333333334,31.7,30.0,61.125,92.0,0.0,2.7783333333333338,4.93,10.7,True,0.8778521448128993,0.7794341344691208,0.585792515972011,0.617128080316398,0.3346516580468512,0.750806,0.8743535138424094,elevated_weather_context,weather_daily_reference,2020-06-30 12:00:00,12,29.0,40.0,3.48,12.528,29.0,40.0,12.528,0.0,94.964,149.503,397.445,16.196,154.095,50.38,0.8740492850623669,extreme,284.708,0.5506540918770916,moderate,0.777031,0.8059020383328263,elevated_index_context,elevated_index_context,weather_daily_reference
2020-07-25,early_summer,,True,True,pt_firesprd_nearby_event,PT-FireSprd_v2.0,Oleiros,Oleiros_25072020,2020-07-25,2020-07-27,5564,3,2020050017687,Seed gerado apenas a partir de PT-FireSprd e proximidade municipal. Weather context enriched from daily weather reference. Index context enriched from daily fire weather reference.,24.0,18.8,25.808333333333334,33.9,24.0,49.041666666666664,76.0,0.0,2.9920833333333334,5.88,12.9,True,0.9323090964405233,0.8757225433526011,0.8092485549132948,0.8471250380285975,0.3346516580468512,0.877943,0.9908731365987222,critical_weather_context,weather_daily_reference,2020-07-25 12:00:00,12,31.4,31.0,1.75,6.3,31.4,31.0,6.3,0.0,94.184,282.294,629.149,10.628,281.823,41.395,0.8110739275935503,extreme,484.613,0.7185883784606024,high,0.783328,0.8127471858837846,elevated_index_context,elevated_index_context,weather_daily_reference
2020-08-06,peak_summer,,True,True,pt_firesprd_nearby_event,PT-FireSprd_v2.0,Fundao,Fundao_06082020,2020-08-06,2020-08-06,749,5,2020050018872,Seed gerado apenas a partir de PT-FireSprd e proximidade municipal. Weather context enriched from daily weather reference. Index context enriched from daily fire weather reference.,24.0,21.5,28.275000000000002,35.8,24.0,42.875,61.0,0.0,2.44375,4.62,9.8,True,0.9694250076057195,0.8757225433526011,0.5053240036507454,0.4930027380590204,0.3346516580468512,0.777031,0.9099482811073928,critical_weather_context,weather_daily_reference,2020-08-06 12:00:00,12,32.7,31.0,3.54,12.744,32.7,31.0,12.744,0.0,95.107,338.076,735.097,16.697,337.322,55.197,0.9114694250076057,extreme,547.417,0.7891694554304837,high,0.874779,0.9053848494067539,critical_index_context,critical_index_context,weather_daily_reference
2020-08-07,peak_summer,,True,True,pt_firesprd_nearby_event,PT-FireSprd_v2.0,Fundao,Fundao_07082020,2020-08-07,2020-08-08,472,4,2020050018968,Seed gerado apenas a partir de PT-FireSprd e proximidade municipal. Weather context enriched from daily weather reference. Index context enriched from daily fire weather reference.,24.0,20.3,26.6875,33.9,33.0,51.083333333333336,72.0,0.0,2.3066666666666666,4.64,9.6,True,0.9323090964405233,0.7222391238211134,0.509278977791299,0.46288408883480375,0.3346516580468512,0.714268,0.8208092485549133,elevated_weather_context,weather_daily_reference,2020-08-07 12:00:00,12,30.4,35.0,2.86,10.296,30.4,35.0,10.296,0.0,95.158,342.303,743.573,14.862,341.529,51.355,0.8804380894432613,extreme,551.995,0.7998174627319744,high,0.856252,0.8874353513842409,elevated_index_context,elevated_index_context,weather_daily_reference
2020-08-29,peak_summer,,True,True,pt_firesprd_nearby_event,PT-FireSprd_v2.0,Castelo Branco,CasteloBranco_29082020,2020-08-29,2020-08-29,315,4,2020050021105,Seed gerado apenas a partir de PT-FireSprd e proximidade municipal. Weather context enriched from daily weather reference. Index context enriched from daily fire weather reference.,24.0,13.2,18.629166666666666,25.0,25.0,52.375,74.0,0.0,4.3725,5.51,12.0,True,0.6638271980529358,0.858685731670216,0.7377547916032857,0.7731974444782477,0.3346516580468512,0.753476,0.8789169455430483,elevated_weather_context,weather_daily_reference,2020-08-29 12:00:00,12,21.8,37.0,4.87,17.532,21.8,37.0,17.532,0.0,95.324,415.261,912.243,21.893,414.294,65.199,0.9653179190751445,extreme,609.817,0.8798296318831762,extreme,0.939671,0.9647094615150593,critical_index_context,critical_index_context,weather_daily_reference
2020-09-13,late_summer,,True,True,pt_firesprd_nearby_event,PT-FireSprd_v2.0,Proenca-a-Nova,ProencaaNova_13092020,2020-09-13,2020-09-14,14568,4,2020050022403,Seed gerado apenas a partir de PT-FireSprd e proximidade municipal. Weather context enriched from daily weather reference. Index context enriched from daily fire weather reference.,24.0,20.5,26.84166666666667,33.9,18.0,37.25,65.0,0.0,3.0825,4.95,11.6,True,0.9323090964405233,0.9546699117736538,0.5921813203529054,0.7295406145421357,0.3346516580468512,0.840577,0.9750532400365075,critical_weather_context,weather_daily_reference,2020-09-13 12:00:00,12,31.0,25.0,3.78,13.607999999999999,31.0,25.0,13.608,0.0,96.819,478.741,1018.739,21.988,477.228,65.377,0.9674475205354427,extreme,650.106,0.9400669303316094,extreme,0.959233,0.9774870702768482,critical_index_context,critical_index_context,weather_daily_reference
2022-08-06,peak_summer,,True,True,pt_firesprd_nearby_event,PT-FireSprd_v2.0,Covilha,Covilha_06082022,2022-08-06,2022-08-24,23942,4,2022050022298,Seed gerado apenas a partir de PT-FireSprd e proximidade municipal. Weather context enriched from daily weather reference. Index context enriched from daily fire weather reference.,24.0,17.8,24.75,32.4,30.0,61.25,94.0,0.0,2.0741666666666667,4.02,7.6,True,0.8977791299056891,0.7794341344691208,0.3550349863097049,0.2330392455126255,0.3346516580468512,0.654016,0.7304533008822635,elevated_weather_context,weather_daily_reference,2022-08-06 12:00:00,12,27.4,52.0,2.05,7.38,27.4,52.0,7.38,0.0,99.103,378.539,871.152,21.722,378.004,64.873,0.9644052327350168,extreme,602.453,0.8652266504411318,extreme,0.934652,0.9616671737146334,critical_index_context,critical_index_context,weather_daily_reference
2023-07-19,early_summer,,True,True,pt_firesprd_nearby_event,PT-FireSprd_v2.0,Covilha,Covilha_19072023,2023-07-19,2023-07-19,29,5,20230870850,Seed gerado apenas a partir de PT-FireSprd e proximidade municipal. Weather context enriched from daily weather reference. Index context enriched from daily fire weather reference.,24.0,17.5,24.304166666666664,33.0,20.0,52.291666666666664,83.0,0.0,2.38375,5.16,11.0,True,0.9107088530574993,0.9303316093702464,0.6518101612412535,0.6572862792820201,0.3346516580468512,0.826803,0.9619714024946759,critical_weather_context,weather_daily_reference,2023-07-19 12:00:00,12,29.1,27.0,1.63,5.867999999999999,29.1,27.0,5.868,0.0,96.026,182.403,583.577,13.381,204.786,46.982,0.8481898387587465,extreme,449.958,0.6866443565561302,high,0.799726,0.8278065104958929,elevated_index_context,elevated_index_context,weather_daily_reference
2023-08-04,peak_summer,,True,True,pt_firesprd_nearby_event,PT-FireSprd_v2.0,Castelo Branco,CasteloBranco_04082023,2023-08-04,2023-08-06,6597,4,20230945339,Seed gerado apenas a partir de PT-FireSprd e proximidade municipal. Weather context enriched from daily weather reference. Index context enriched from daily fire weather reference.,24.0,16.1,23.704166666666666,31.4,15.0,33.916666666666664,57.0,0.0,3.8066666666666666,5.53,11.8,True,0.8708548828719197,0.9814420444174019,0.7421661089139032,0.7534225737754792,0.3346516580468512,0.860678,0.9844843322178278,critical_weather_context,weather_daily_reference,2023-08-04 12:00:00,12,26.3,23.0,4.94,17.784000000000002,26.3,23.0,17.784,0.0,96.85,242.79,716.037,27.252,262.804,73.901,0.9875266200182538,extreme,512.672,0.7450562823243079,high,0.914786,0.9476726498326742,critical_index_context,critical_index_context,weather_daily_reference
2023-08-11,peak_summer,,True,True,pt_firesprd_nearby_event,PT-FireSprd_v2.0,Covilha,Covilha_11082023,2023-08-11,2023-08-11,81,5,20230981728,Seed gerado apenas a partir de PT-FireSprd e proximidade municipal. Weather context enriched from daily weather reference. Index context enriched from daily fire weather reference.,24.0,18.6,26.741666666666664,36.0,23.0,52.166666666666664,80.0,0.0,2.7262500000000003,5.23,11.4,True,0.9729236385762093,0.8913903255247947,0.6700638880438089,0.7067234560389413,0.3346516580468512,0.847962,0.9787039853970185,critical_weather_context,weather_daily_reference,2023-08-11 12:00:00,12,32.8,24.0,0.95,3.42,32.8,24.0,3.42,0.0,97.947,278.013,777.295,15.29,293.546,52.16,0.8898691816245817,extreme,557.767,0.8092485549132948,high,0.865683,0.8980833586857316,elevated_index_context,elevated_index_context,weather_daily_reference
2023-08-25,peak_summer,,True,True,pt_firesprd_nearby_event,PT-FireSprd_v2.0,Fundao,Fundao_25082023,2023-08-25,2023-08-25,194,4,20231049112,Seed gerado apenas a partir de PT-FireSprd e proximidade municipal. Weather context enriched from daily weather reference. Index context enriched from daily fire weather reference.,24.0,20.0,26.266666666666666,34.0,22.0,44.333333333333336,65.0,0.0,2.874166666666667,5.15,11.3,True,0.9353513842409492,0.9047763918466687,0.6496805597809553,0.6962275631274718,0.3346516580468512,0.833176,0.9683602068755705,critical_weather_context,weather_daily_reference,2023-08-25 12:00:00,12,31.6,24.0,2.46,8.856,31.6,24.0,8.856,0.0,98.676,338.456,895.761,22.131,348.098,65.58,0.9689686644356557,extreme,614.932,0.8856099787039854,extreme,0.943961,0.9674475205354427,critical_index_context,critical_index_context,weather_daily_reference
2023-08-26,peak_summer,,True,True,pt_firesprd_nearby_event,PT-FireSprd_v2.0,Serta,Serta_26082023,2023-08-26,2023-08-26,16,5,20231055679,Seed gerado apenas a partir de PT-FireSprd e proximidade municipal. Weather context enriched from daily weather reference. Index context enriched from daily fire weather reference.,24.0,16.9,21.650000000000002,26.9,28.0,52.791666666666664,77.0,0.0,4.214583333333334,7.14,15.3,True,0.7342561606327959,0.8098570124733799,0.9447824764222695,0.9370246425311834,0.3346516580468512,0.829457,0.9647094615150593,critical_weather_context,weather_daily_reference,2023-08-26 12:00:00,12,25.2,37.0,5.01,18.036,25.2,37.0,18.036,0.0,98.728,341.877,903.301,35.388,351.33,86.643,0.9981746273197445,extreme,616.592,0.8880438089443261,extreme,0.965135,0.9808335868573167,critical_index_context,critical_index_context,weather_daily_reference
2024-07-24,early_summer,,True,True,pt_firesprd_nearby_event,PT-FireSprd_v2.0,Castelo Branco,CasteloBranco_24072024,2024-07-24,2024-07-24,50,5,20240905553,Seed gerado apenas a partir de PT-FireSprd e proximidade municipal. Weather context enriched from daily weather reference. Index context enriched from daily fire weather reference.,24.0,23.1,30.645833333333332,38.5,17.0,39.458333333333336,63.0,0.0,2.3904166666666664,4.98,10.4,True,0.9937633100091269,0.9644052327350168,0.6045025859446304,0.5759050806206267,0.3346516580468512,0.844425,0.9762701551566778,critical_weather_context,weather_daily_reference,2024-07-24 12:00:00,12,36.6,22.0,2.67,9.612,36.6,22.0,9.612,0.0,97.071,125.539,575.969,18.594,162.52,55.576,0.915728627928202,extreme,445.733,0.6826893824155765,high,0.845817,0.8801338606632187,elevated_index_context,elevated_index_context,weather_daily_reference
2024-09-13,late_summer,,True,True,pt_firesprd_nearby_event,PT-FireSprd_v2.0,Fundao,Fundao_13092024,2024-09-13,2024-09-14,1042,4,20241136375,Seed gerado apenas a partir de PT-FireSprd e proximidade municipal. Weather context enriched from daily weather reference. Index context enriched from daily fire weather reference.,24.0,16.7,22.45,29.0,28.0,50.541666666666664,84.0,0.0,3.7554166666666666,5.77,12.4,True,0.7984484332217828,0.8098570124733799,0.7874961971402494,0.8089443261332522,0.3346516580468512,0.801255,0.937328871311226,critical_weather_context,weather_daily_reference,2024-09-13 12:00:00,12,25.0,36.0,5.46,19.656,25.0,36.0,19.656,0.0,97.533,246.427,951.127,32.805,299.112,82.736,0.9963492546394889,extreme,634.494,0.9134469120778825,extreme,0.971479,0.9872223912382111,critical_index_context,critical_index_context,weather_daily_reference
