id,functional_area,user_goal,surface,api_or_command,ui_routes,storage_or_external,existing_test_evidence,planned_automation,priority,current_state
ENV-001,Preparação local,"Validar toolchain, ficheiros locais e serviços",CLI,scripts/np.ps1 doctor; init-local; prepare-local; up; start; health,-,.env local; Docker Compose,tests/local/test_local_clone_to_run_contract.py; scripts/tests/test-np-script.ps1,"Executar preflight, guardar versões e falhar prerequisites",P0,implemented-partial-runtime
BOOT-001,Bootstrap control plane,Criar catálogo base idempotentemente,CLI,scripts/postgres/bootstrap-control-plane.ps1,/admin,control.configuration_versions; control.areas; control.grid_cells; control.sensor_profiles; control.sensor_networks; control.sensor_nodes; control.scenario_definitions; control.dataset_artifacts; control.scenario_dataset_bindings,tests/NatureProtector.IntegrationTests/Bootstrap; tests/NatureProtector.Backoffice.Api.Tests/InfrastructureBootstrapperTests.cs,Executar duas vezes e comparar chaves/contagens lógicas,P0,unit-integration-covered
AUTH-001,Login e logout,Autenticar e terminar sessão,API/UI,POST /api/users-roles/login; POST /api/users-roles/logout; GET /api/users-roles/me,/login,user_base.users; token JWT,tests/NatureProtector.Backoffice.Api.Tests/JwtAuthenticationTests.cs; tests/NatureProtector.IntegrationTests/UserPlane; webUI/src/app/context/TokenContext.test.tsx; scripts/acceptance/Invoke-NP-P0RuntimeCoverage.ps1; scripts/acceptance/verify_scenario_profile_matrix.py; webUI/e2e/live-role-journeys.spec.ts; scripts/acceptance/Invoke-NP-UiPerformanceCoverage.ps1,Backend P0 login/logout plus Phase 4 real UI login/logout by role,P0,phase4-live-ui-harness-implemented-unexecuted
AUTH-002,Capabilities,Obter autoridade efetiva do backend,API/UI,GET /api/users-roles/me/capabilities,shell; todas as rotas protegidas,role catalog em código,tests/NatureProtector.Backoffice.Api.Tests/OperationAuthorizationTests.cs; AuthorizationMatrixTests.cs; webUI/src/app/capabilities.test.ts; scripts/acceptance/Invoke-NP-P0RuntimeCoverage.ps1; scripts/acceptance/verify_scenario_profile_matrix.py; webUI/e2e/live-role-journeys.spec.ts; scripts/acceptance/Invoke-NP-UiPerformanceCoverage.ps1,Backend capability matrix plus live UI allowed/denied route proof,P0,phase4-live-ui-harness-implemented-unexecuted
RBAC-001,Gestão de utilizadores e roles,CRUD e associações,API/UI,/api/users-roles/users*; /api/users-roles/roles*,/users,user_base.users; user_base.roles; user_base.user_roles,tests/NatureProtector.IntegrationTests/UserPlane; webUI/src/app/pages/UserRoleAdministrationPage.test.tsx; scripts/acceptance/Invoke-NP-P0RuntimeCoverage.ps1; scripts/acceptance/verify_scenario_profile_matrix.py; webUI/e2e/live-role-journeys.spec.ts; scripts/acceptance/Invoke-NP-UiPerformanceCoverage.ps1,P0 CRUD/association lifecycle plus temporary live browser identities,P0,phase4-live-ui-harness-implemented-unexecuted
CAT-001,Áreas e contexto,Consultar área e contexto territorial,API/UI,GET /api/control/areas*,/demo; /dashboard; /context,control.areas; control.area_contexts,tests/NatureProtector.Backoffice.Api.Tests/ControlPlaneApiTests.cs; webUI/src/app/components/mainComponents/AreaMap.test.tsx,"Contratos, referências e comportamento anónimo",P0,covered-partial-live
CAT-002,Grelha e sensores,Consultar células e nós,API/UI,GET .../grid-cells; GET .../sensor-nodes; GET .../GeoJSON,/dashboard; /context,control.grid_cells; control.sensor_nodes; control.sensor_profiles; control.sensor_networks,tests/NatureProtector.Backoffice.Api.Tests/PostgresControlPlaneServiceTests.cs; tests/NatureProtector.Core.Tests/Areas; Sensors,"Paginação, FK lógicas e geometria parseável",P0,covered-not-live-deep
CAT-003,Cenários,Listar cenários por área,API/UI,GET /api/control/areas/{areaCode}/scenarios,/simulation,control.scenario_definitions; control.scenario_dataset_bindings,tests/NatureProtector.Backoffice.Api.Tests/ControlPlaneApiTests.cs; tests/NatureProtector.Simulator.Host.Tests/Services/ScenarioContextFactoryTests.cs,Códigos esperados e resolução consistente,P0,covered-partial-live
CFG-001,Configurações,Listar e ativar versão,API/UI,GET/POST /api/control/configurations*,/admin,control.configuration_versions,tests/NatureProtector.Backoffice.Api.Tests/ControlPlaneApiTests.cs; PostgresControlPlaneServiceTests.cs,"Uma ativa, ativação válida/inválida e RBAC",P1,covered-not-live
RUN-001,Iniciar simulação,Executar run bounded,API/UI,POST /api/control/runtime/runs,/simulation,control.simulation_runs; control.runtime_orchestrator_executions,tests/NatureProtector.Backoffice.Api.Tests/RuntimeOperationsServiceTests.cs; LocalProcessRuntimeRunOrchestratorTests.cs; webUI/src/app/pages/SimulationPage.test.tsx; scripts/acceptance/Invoke-NP-P0RuntimeCoverage.ps1; scripts/acceptance/verify_scenario_profile_matrix.py,Run nominal e matriz de perfis,P0,p0-profile-matrix-implemented-unexecuted
RUN-002,Lifecycle e correlação,Acompanhar request/operation/run,API/UI,GET /api/control/runtime/operations*; GET .../runs/{id}/operation,/runs; /simulation,control.runtime_orchestrator_executions; control.simulation_runs,tests/NatureProtector.Backoffice.Api.Tests/RuntimeOperationReconciliationWorkerTests.cs; RuntimeOrchestrationContractsTests.cs; scripts/acceptance/Invoke-NP-P0RuntimeCoverage.ps1; scripts/acceptance/verify_scenario_profile_matrix.py,"IDs coerentes, estados monotónicos e reconciliação",P0,p0-correlation-harness-implemented-unexecuted
RUN-003,Audit e timings,Inspecionar contagens e tempos,API/UI,GET .../runs/{id}/audit; GET .../timings; GET .../summary,/runs; /overview,control; pipeline; projection,tests/NatureProtector.Backoffice.Api.Tests/RuntimeRunTimingsServiceTests.cs; RuntimeSummaryServiceTests.cs; scripts/acceptance/Invoke-NP-P0RuntimeCoverage.ps1; scripts/acceptance/verify_scenario_profile_matrix.py,"Convergência, data scope e percentis válidos",P0,p0-audit-harness-implemented-unexecuted
PIPE-001,Inbox e tentativas,Processar entrega durável,runtime,RabbitMQ consumer + runtime diagnostics,/pipeline,pipeline.event_inbox; pipeline.processing_attempts,tests/NatureProtector.Prevention.Host.Tests/Processing; tests/NatureProtector.IntegrationTests/Flow; scripts/acceptance/Invoke-NP-P0RuntimeCoverage.ps1; scripts/acceptance/verify_scenario_profile_matrix.py,Todos os eventos terminam processed/rejected/quarantined,P0,p0-persisted-delivery-harness-implemented-unexecuted
PIPE-002,Falhas e quarentena,Tratar falhas negativas,runtime/API,P3 + diagnostics,/pipeline; /p3,pipeline.rejected_events; pipeline.quarantined_events; pipeline.processing_attempts,tests/NatureProtector.Prevention.Host.Tests/Processing; tests/NatureProtector.Simulator.Host.Tests/ControlledValidation,Executar e auditar os 10 casos P3,P0,unit-covered-live-not-unified
SCORE-001,Normalização e scoring,Produzir assessment elegível,runtime/API,run audit; diagnostics,/risk; /runs,projection.accepted_reading_log; projection.risk_assessment_log; projection.daily_cell_state,tests/NatureProtector.Prevention.Tests/Risk; tests/NatureProtector.IntegrationTests/Flow; scripts/acceptance/Invoke-NP-P0RuntimeCoverage.ps1; scripts/acceptance/verify_scenario_profile_matrix.py,Uma avaliação por leitura elegível e nenhuma para falhas,P0,p0-profile-invariants-implemented-unexecuted
PROJ-001,Projeções operacionais,Materializar estado de célula/área,API/UI,GET .../operational-state; cells/operational-state,/risk; /dashboard,projection.cell_operational_state; projection.area_operational_state; cycle snapshots,tests/NatureProtector.Prevention.Host.Tests/Projection; PostgresControlPlaneServiceTests.cs; scripts/acceptance/Invoke-NP-P0RuntimeCoverage.ps1; scripts/acceptance/verify_scenario_profile_matrix.py,Coverage/freshness/carry-forward coerentes,P0,p0-cycle-observation-harness-implemented-unexecuted
ALERT-001,Alertas,Abrir/manter/resolver alerta,API/UI,GET .../alerts/active; diagnostics active-alerts/recent-alert-transitions,/risk; /dashboard,projection.alert_state,tests/NatureProtector.Prevention.Host.Tests/Projection/V1AlertPolicyTests.cs; InMemoryAreaOperationalProjectionStoreAlertPolicyTests.cs; scripts/acceptance/Invoke-NP-P0RuntimeCoverage.ps1; scripts/acceptance/verify_scenario_profile_matrix.py,Implemented in Phase 3 P0 runtime harness; live campaign still required,P0,p0-alert-harness-implemented-unexecuted
DEG-001,Perfis de degradação,Provar efeitos semânticos,runtime,POST runtime/runs com degradationProfiles,/simulation; /scenario-compare,control.simulation_runs metadata; pipeline; projection,tests/NatureProtector.Simulator.Host.Tests/Services/SimulationDegradationProfilesTests.cs; ReadingGenerationServiceTests.cs; SimulationRunnerTests.cs; scripts/acceptance/Invoke-NP-P0RuntimeCoverage.ps1; scripts/acceptance/verify_scenario_profile_matrix.py,Implemented in Phase 3 P0 runtime harness; live campaign still required,P0,p0-12-profile-matrix-implemented-unexecuted
DIAG-001,Diagnósticos preparados,Executar catálogo fechado,API/UI,GET/POST /api/control/runtime/diagnostics*,/queries,control; pipeline; projection,tests/NatureProtector.Backoffice.Api.Tests/PostgresControlPlaneServiceTests.cs; ControlPlaneApiTests.cs; webUI/src/app/pages/evidenceDiagnosticPages.test.tsx; scripts/acceptance/Invoke-NP-P0RuntimeCoverage.ps1; scripts/acceptance/verify_scenario_profile_matrix.py,Implemented in Phase 3 P0 runtime harness; live campaign still required,P0,p0-28-diagnostic-sweep-implemented-unexecuted
OBS-001,"Health, RabbitMQ e evidence",Observar serviços e artefactos,API/UI,/health/*; /api/control/runtime/observability/*,/pipeline; /evidence; /deployment-health,RabbitMQ Management; evidence directories,tests/NatureProtector.Backoffice.Api.Tests/RuntimeObservabilityServiceTests.cs; ControlRuntimeObservabilityControllerTests.cs; RabbitMqManagementHttpClientTests.cs; scripts/acceptance/Invoke-NP-P0RuntimeCoverage.ps1; scripts/acceptance/verify_scenario_profile_matrix.py,Implemented in Phase 3 P0 runtime harness; live campaign still required,P0,p0-observability-evidence-harness-implemented-unexecuted
TSDB-001,InfluxDB e Grafana,Confirmar séries e dashboards,runtime/UI,Influx write service; Influx/Grafana HTTP,Grafana externa,InfluxDB measurements accepted_readings; risk_assessments; area_risk_snapshots,tests/NatureProtector.Infrastructure.Influx.Tests; tests/observability/test_grafana_dashboards.py; scripts/acceptance/Invoke-NP-P0RuntimeCoverage.ps1; scripts/acceptance/verify_scenario_profile_matrix.py,Contagem/série por run e datasource/dashboard acessível,P1,p0-run-scoped-series-implemented-unexecuted
UI-001,Jornada pública,Usar produto sem login,UI,rotas públicas e APIs anónimas,/demo; /dashboard; /context; /about,n/a,webUI/e2e/cockpit.spec.ts; webUI/src/app/App.test.tsx; webUI/e2e/live-role-journeys.spec.ts; scripts/acceptance/Invoke-NP-UiPerformanceCoverage.ps1,Fixture desktop+narrow and live public /demo with axe and protected-surface absence,P0,phase4-ui-harness-implemented-unexecuted
UI-002,Jornadas por role,Navegação capability-driven,UI/API,page registry + capability endpoint,todas as rotas protegidas,n/a,webUI/src/app/App.test.tsx; capabilities.test.ts; e2e/cockpit.spec.ts; webUI/e2e/live-role-journeys.spec.ts; config/acceptance/ui-performance-coverage.json,"Real temporary identities, backend capabilities, allowed route, denied route and critical axe per role",P0,phase4-live-role-harness-implemented-unexecuted
UI-003,Cockpit de run,"Executar, seguir e comparar",UI/API,runtime API + diagnostics,/simulation; /runs; /scenario-compare; /queries,control; pipeline; projection,webUI/e2e/live-runtime.spec.ts; pages/SimulationPage.test.tsx; RunsPage.test.tsx,Jornada live com run atual e propagação de runId,P0,partial-live
OPS-001,Qualidade,Despachar suites fechadas,API/UI,/api/control/quality/*; /api/control/operations*,/qa; /admin,operation store/provider callbacks,tests/NatureProtector.Backoffice.Api.Tests/OperationCatalogTests.cs; EngineeringOperationsServiceTests.cs; tests/operations,Operações implementadas executam; bloqueadas falham fechado,P1,unit-static-covered-remote-dependent
OPS-002,Evidence campaigns,Despachar e comparar campanhas,API/UI,/api/control/evidence/*,/evidence,operation store; artifacts/hashes,tests/NatureProtector.Backoffice.Api.Tests/ControlOperationControllersTests.cs; tests/evidence,"Proveniência, hashes, comparação e limitações",P1,covered-runtime-dependent
OPS-003,Deployment e cloud,Operar catálogo seguro,API/UI,/api/control/deployments/*; /api/control/cloud/*,/deployments; /cloud; /deployment-health,operation store; GitHub/cloud providers,OperationCatalogTests.cs; CloudRunGatewayContractTests.cs; tests/cloud,Sem comandos arbitrários; bloqueios e approvals respeitados,P2,static-covered-external-dependent
OPS-004,Aprovação/cancel/callback,Controlar lifecycle de operação,API/UI,/api/control/approvals*; operations/{id}/cancel; callback,/approvals,operation store,EngineeringOperationsServiceTests.cs; ControlOperationControllersTests.cs; tests/operations/test_operation_callback_reporter.py,"Segredo callback, separação de poderes e estados válidos",P1,covered-not-live-full
RESET-001,Reset e recuperação,Limpar runtime preservando catálogo,API/script,POST /api/control/runtime/reset; Invoke-SystemResetRecoveryMatrix.ps1,/admin (contexto; sem reset destrutivo direto),control runtime; pipeline; projection; RabbitMQ; InfluxDB,RuntimeDataResetCoordinatorTests.cs; RuntimeResetLockTests.cs,"Dry-run, bloqueios, reset sistémico e run pós-reset",P0,unit-covered-unified-runner
P3-001,Validação negativa P3,Executar falhas controladas,API/script,/api/dev/controlled-validation/p3*; run-controlled-validation-p3.py,/p3,pipeline; projection; evidence/query pack,Simulator.Host ControlledValidation tests; Prevention processing tests,Auditar todos os casos por identidade,P0,covered-unified-runner
PERF-001,Readiness/capacidade local,Medir workload bounded,script/API,scripts/performance/run-local-readiness-workload.ps1; run-system-capacity-workload.ps1,/deployment-health,artifacts/performance; runtime timings; RabbitMQ metrics,tests/performance; benchmarks; scripts/acceptance/Invoke-NP-UiPerformanceCoverage.ps1; scripts/acceptance/verify_ui_performance_coverage.py,"HTTP Calibration+B0 and full-system Calibration+B0 with exact accounting, bounded p95 and empty final queue",P1,phase4-bounded-performance-harness-implemented-unexecuted
SHUT-001,Encerramento limpo,Parar processos e containers scoped,CLI/runtime,np.ps1 stop; down; process inspection,-,processos locais; Docker Compose,LocalProcessRuntimeRunOrchestratorTests.cs; local clone-to-run tests; scripts/acceptance/Invoke-NP-P0RuntimeCoverage.ps1; scripts/acceptance/verify_scenario_profile_matrix.py,Implemented in Phase 3 P0 runtime harness; live campaign still required,P0,p0-clean-shutdown-harness-implemented-unexecuted
